B00H7QNYAS|http://www.amazon.in/Huawei-Y320-Ascend-Black/dp/B00H7QNYAS|http://ecx.images-amazon.com/images/I/41Ky-1gOw9L._AA160_.jpg|Huawei Ascend Y320 (Black)|5,000.00
B00LUQXY5G|http://www.amazon.in/Micromax-A093-Fire-White-Gold/dp/B00LUQXY5G|http://ecx.images-amazon.com/images/I/41VpoSCDV4L._AA160_.jpg|Micromax Fire A093 (White-Gold)|5,000.00
B00MTRX3S8|http://www.amazon.in/XOLO-A550S-IPS-DUAL-BLACK/dp/B00MTRX3S8|http://ecx.images-amazon.com/images/I/31vo9%2BeNu8L._AA160_.jpg|XOLO A550S IPS DUAL SIM 5MP CAM (BLACK)|5,000.00
B00Q8NOXOM|http://www.amazon.in/Karbonn-Titanium-S12-Delite-Black/dp/B00Q8NOXOM|http://ecx.images-amazon.com/images/I/21MEndsPzWL._AA160_.jpg|Karbonn Titanium S12 Delite (Black)|5,000.00
B00VNXTVX0|http://www.amazon.in/Datawind-3G5-Pocket-Surfer/dp/B00VNXTVX0|http://ecx.images-amazon.com/images/I/41ora5NcXjL._AA160_.jpg|Pocket Surfer 3G5|5,019.00
B00IOOR7OQ|http://www.amazon.in/Samsung-Galaxy-Star-GT-7262-Wine/dp/B00IOOR7OQ|http://ecx.images-amazon.com/images/I/31AO9S9Zq1L._AA160_.jpg|Samsung Galaxy Star Pro GT-7262 (Wine Red)|5,090.00
B00NEFXOGA|http://www.amazon.in/Micromax-Canvas-Android-Serene-White/dp/B00NEFXOGA|http://ecx.images-amazon.com/images/I/41gKauymMRL._AA160_.jpg|Micromax Canvas A1 with Android One (Serene White)|5,099.00
B00O528G6E|http://www.amazon.in/Lenovo-A328-White/dp/B00O528G6E|http://ecx.images-amazon.com/images/I/41dmgeBF-vL._AA160_.jpg|Lenovo A328 (White)|5,099.00
B00WWTKAE8|http://www.amazon.in/Grace-Mobile-Multitouch-Detection-Bluetooth/dp/B00WWTKAE8|http://ecx.images-amazon.com/images/I/41u%2B4sOYXHL._AA160_.jpg|"Rage Grace Mobile Phone(Black) Which Comes With 4.5"" Multitouch Screen, 5 MP Flash Camera(Face & Smile Detection..."|5,099.00
B00BBXAQ0O|http://www.amazon.in/Lenovo-A800-Ideaphone-Black/dp/B00BBXAQ0O|http://ecx.images-amazon.com/images/I/41NK6gYAtBL._AA160_.jpg|Lenovo Ideaphone A800 (Black)|5,100.00
B00GN8AUK8|http://www.amazon.in/Gionee-P2-Pioneer-Black/dp/B00GN8AUK8|http://ecx.images-amazon.com/images/I/41XO-BCuxeL._AA160_.jpg|Gionee Pioneer P2 (Black)|5,100.00
B00U275NKS|http://www.amazon.in/Celkon-Win-400-White/dp/B00U275NKS|http://ecx.images-amazon.com/images/I/51WFcpemcEL._AA160_.jpg|Celkon Win 400 (White)|5,100.00
B00UCLVFG0|http://www.amazon.in/Intex-Aqua-Q1-Smart-Mobile/dp/B00UCLVFG0|http://ecx.images-amazon.com/images/I/412uKuBK5sL._AA160_.jpg|Intex Aqua Q1 Smart Mobile Phone (Grey)|5,100.00
B00WWBFLS6|http://www.amazon.in/Microsoft-Lumia-430-Black-Dual/dp/B00WWBFLS6|http://ecx.images-amazon.com/images/I/41ZSTfpRvGL._AA160_.jpg|Microsoft Lumia 430 (Black, Dual SIM)|5,150.00
B00G8UGSGG|http://www.amazon.in/Samsung-Galaxy-GT-S7262-Midnight-Black/dp/B00G8UGSGG|http://ecx.images-amazon.com/images/I/41ouRcVX5VL._AA160_.jpg|Samsung Galaxy Star Pro GT-S7262 (Midnight Black)|5,167.00
B00K1WU6YW|http://www.amazon.in/iBall-4P-IPS-GEM-DISPLAY/dp/B00K1WU6YW|http://ecx.images-amazon.com/images/I/41c32PIvCTL._AA160_.jpg|"NEW LAUNCH iBall 4P IPS GEM, IPS DISPLAY, 3G MOBILE PHONE ""White"""|5,170.00
B00VWWWN7I|http://www.amazon.in/Karbonn-Titanium-Dazzle-S201/dp/B00VWWWN7I|http://ecx.images-amazon.com/images/I/51bsiVOI7nL._AA160_.jpg|Karbonn Titanium Dazzle S201|5,170.00
B00IXCZSPE|http://www.amazon.in/Nokia-Plus-Green-Dual-SIM/dp/B00IXCZSPE|http://ecx.images-amazon.com/images/I/41DGCTmwwXL._AA160_.jpg|Nokia X Plus (Green, Dual SIM)|5,179.00
B00IXCZIHW|http://www.amazon.in/Nokia-Plus-Black-Dual-SIM/dp/B00IXCZIHW|http://ecx.images-amazon.com/images/I/515JsfCL7XL._AA160_.jpg|Nokia X Plus (Black, Dual SIM)|5,180.00
B00WWBGCEI|http://www.amazon.in/Microsoft-Lumia-430-Orange-Dual/dp/B00WWBGCEI|http://ecx.images-amazon.com/images/I/41h5TwJOAnL._AA160_.jpg|Microsoft Lumia 430 (Orange, Dual SIM)|5,185.00
B00T7U78SG|http://www.amazon.in/iBall-Andi-4-5P-IPS-Glitter/dp/B00T7U78SG|http://ecx.images-amazon.com/images/I/11ac-jJOU5L._AA160_.jpg|iBall Andi 4.5P IPS Glitter (Wine)|5,190.00
B00OMX9R1Y|http://www.amazon.in/Panasonic-T40-Dark-Grey/dp/B00OMX9R1Y|http://ecx.images-amazon.com/images/I/419HYy5bt6L._AA160_.jpg|Panasonic T40 (Dark Grey)|5,199.00
B00PPE3PUI|http://www.amazon.in/I-BALL-ANDI-4U-FRISBEE/dp/B00PPE3PUI|http://ecx.images-amazon.com/images/I/414K0P0qHoL._AA160_.jpg|I BALL ANDI 4U FRISBEE|5,199.00
B00S0OHQI2|http://www.amazon.in/BQ-S-60-White-Black/dp/B00S0OHQI2|http://ecx.images-amazon.com/images/I/41XeOjMQq7L._AA160_.jpg|BQ S 60 White & Black|5,199.00
B00SKYDGK4|http://www.amazon.in/Intex-Aqua-Q1-Smart-Mobile/dp/B00SKYDGK4|http://ecx.images-amazon.com/images/I/41NHvs64x1L._AA160_.jpg|Intex Aqua Q1 Smart Mobile Phone (Blue)|5,199.00
B00QK3HI6A|http://www.amazon.in/Celkon-Campus-Whizz-Q42-Black-Yellow/dp/B00QK3HI6A|http://ecx.images-amazon.com/images/I/51Tyth6RM6L._AA160_.jpg|Celkon Campus Whizz Q42 (Black-Yellow)|5,200.00
B00TF6GY0K|http://www.amazon.in/ADCOM-KITKAT-SMARTPHONE-FLIPCOVER-SCREEN/dp/B00TF6GY0K|http://ecx.images-amazon.com/images/I/41US6-9v4cL._AA160_.jpg|ADCOM KITKAT A-54 QUAD CORE SMARTPHONE WITH FREE FLIPCOVER & SCREEN GUARD (White)|5,200.00
B00TF6H1QQ|http://www.amazon.in/ADCOM-KITKAT-SMARTPHONE-FLIPCOVER-SCREEN/dp/B00TF6H1QQ|http://ecx.images-amazon.com/images/I/41K7p55X-sL._AA160_.jpg|ADCOM KITKAT A-54 QUAD CORE SMARTPHONE WITH FREE FLIPCOVER & SCREEN GUARD (Black)|5,200.00
B00KLU9MFS|http://www.amazon.in/Micromax-Unite-A106-Grey-8GB/dp/B00KLU9MFS|http://ecx.images-amazon.com/images/I/41SM75tLD2L._AA160_.jpg|Micromax Unite 2 A106 (Grey, 8GB)|5,212.00
B00F36AOQG|http://www.amazon.in/Rage-Magic-50-Android-Smart-Colour/dp/B00F36AOQG|http://ecx.images-amazon.com/images/I/41iR3DJJolL._AA160_.jpg|Rage Magic-50 Android Smart Phone Black Colour|5,249.00
B00WI1YIZM|http://www.amazon.in/Rage-Grace-Android-Mobile-Black/dp/B00WI1YIZM|http://ecx.images-amazon.com/images/I/41u%2B4sOYXHL._AA160_.jpg|Rage Grace Dual Sim (GSM+GSM) Android Mobile Black|5,249.00
B00WI1YNZ2|http://www.amazon.in/Rage-Grace-Android-Mobile-White/dp/B00WI1YNZ2|http://ecx.images-amazon.com/images/I/41u%2B4sOYXHL._AA160_.jpg|Rage Grace Dual Sim (GSM+GSM) Android Mobile White|5,249.00
B00UPSR9Y2|http://www.amazon.in/KARBONN-SMART-A60-BLACK-WHITE/dp/B00UPSR9Y2|http://ecx.images-amazon.com/images/I/31LTHwauq4L._AA160_.jpg|KARBONN SMART A60 (BLACK+WHITE)|5,250.00
B00L7EA5AI|http://www.amazon.in/Micromax-A092-Unite-Grey/dp/B00L7EA5AI|http://ecx.images-amazon.com/images/I/41QGld94weL._AA160_.jpg|Micromax Unite A092 (Grey)|5,266.80
B00GAPP0CW|http://www.amazon.in/Nokia-Asha-502-Dual-Black/dp/B00GAPP0CW|http://ecx.images-amazon.com/images/I/41Nn7iU9ijL._AA160_.jpg|Nokia Asha 502 (Dual SIM, Black)|5,270.00
B00PFRR9KC|http://www.amazon.in/Lenovo-RocStar-A319-Rocstar-Black/dp/B00PFRR9KC|http://ecx.images-amazon.com/images/I/41aS4aHWgKL._AA160_.jpg|Lenovo Rocstar A319 (Black)|5,290.00
B00TO5S01S|http://www.amazon.in/BQ-S40-Black-And-Grey/dp/B00TO5S01S|http://ecx.images-amazon.com/images/I/31NmGnm7soL._AA160_.jpg|BQ S40 Black And Grey|5,290.00
B00FBH197U|http://www.amazon.in/LG-Optimus-L3-II-E435/dp/B00FBH197U|http://ecx.images-amazon.com/images/I/41jh67efgJL._AA160_.jpg|LG Optimus L3 II E435 (White)|5,299.00
B00LCVZW6I|http://www.amazon.in/Micromax-Bolt-A069-Grey/dp/B00LCVZW6I|http://ecx.images-amazon.com/images/I/41c75nlnQpL._AA160_.jpg|Micromax Bolt A069 (Grey)|5,299.00
B00REFH7YQ|http://www.amazon.in/Intex-Aqua-3X-Mobile-Phone-/dp/B00REFH7YQ|http://ecx.images-amazon.com/images/I/41qthB9RkvL._AA160_.jpg|Intex Aqua 3X Dual SIM Smart Mobile Phone- (Black)|5,299.00
B00SPVDTUY|http://www.amazon.in/Videocon-Infinium-Z45-Nova-Black/dp/B00SPVDTUY|http://ecx.images-amazon.com/images/I/31PF24hf-0L._AA160_.jpg|Videocon Infinium Z45 Nova - Black|5,300.00
B00U3LPOPC|http://www.amazon.in/Micromax-D321--White/dp/B00U3LPOPC|http://ecx.images-amazon.com/images/I/51yM9dY6Z8L._AA160_.jpg|Micromax D321- White|5,300.00
B00L7E9XM4|http://www.amazon.in/Micromax-A092-Unite-White/dp/B00L7E9XM4|http://ecx.images-amazon.com/images/I/41whTBPf7nL._AA160_.jpg|Micromax Unite A092 (White)|5,306.80
B00EBQVURQ|http://www.amazon.in/Videocon-A47-White/dp/B00EBQVURQ|http://ecx.images-amazon.com/images/I/41KFeEfMwzL._AA160_.jpg|Videocon A47 (White)|5,314.00
B00T9NCHS2|http://www.amazon.in/Microsoft-Lumia-435-Dual-SIM/dp/B00T9NCHS2|http://ecx.images-amazon.com/images/I/51BDnQcn5rL._AA160_.jpg|Microsoft Lumia 435 (Dual SIM, Green)|5,349.00
B00GQS32HS|http://www.amazon.in/Karbonn-ssmbkark75blk-A11-Black/dp/B00GQS32HS|http://ecx.images-amazon.com/images/I/31k4UaZYi6L._AA160_.jpg|Karbonn A11+(Black)|5,350.00
B00T9NCN0O|http://www.amazon.in/Microsoft-Lumia-435-Dual-SIM/dp/B00T9NCN0O|http://ecx.images-amazon.com/images/I/51dx1fzTvkL._AA160_.jpg|Microsoft Lumia 435 (Dual SIM, Orange)|5,350.00
B00PQIKPPQ|http://www.amazon.in/Panasonic-T40-Bright-Red/dp/B00PQIKPPQ|http://ecx.images-amazon.com/images/I/41-p%2BLtcx2L._AA160_.jpg|Panasonic T40 (Bright Red)|5,390.00
B00LM58I7Y|http://www.amazon.in/XOLO-Win-Q900S-Xolo-Black/dp/B00LM58I7Y|http://ecx.images-amazon.com/images/I/51hZpKDsJGL._AA160_.jpg|Xolo Win Q900S (Black)|5,399.00
B00IKC5E6A|http://www.amazon.in/Nokia-X-Dual-SIM-Red/dp/B00IKC5E6A|http://ecx.images-amazon.com/images/I/51TTG%2BtSZ3L._AA160_.jpg|Nokia X (Dual SIM, Red)|5,400.00
B00L1XKU14|http://www.amazon.in/Lava-Iris-300-Style-Dark/dp/B00L1XKU14|http://ecx.images-amazon.com/images/I/31YbpzB-X-L._AA160_.jpg|Lava Iris 300 Style (Dark Blue)|5,400.00
B00DW4QINY|http://www.amazon.in/Lenovo-A60-Black/dp/B00DW4QINY|http://ecx.images-amazon.com/images/I/31SgGivJBzL._AA160_.jpg|Lenovo A60+ (Black)|5,410.00
B00MUUKM6K|http://www.amazon.in/Philips-S388-Black/dp/B00MUUKM6K|http://ecx.images-amazon.com/images/I/31wBuzgxpaL._AA160_.jpg|Philips S388 (Black)|5,425.00
B00OHL19VM|http://www.amazon.in/VIDEOCON-CALLING-TABLET-SCREEN-PROCESSOR/dp/B00OHL19VM|http://ecx.images-amazon.com/images/I/41FS9WwtQPL._AA160_.jpg|"VIDEOCON 3G CALLING TABLET 7"" SCREEN WITH 1.3 GHZ DUAL CORE PROCESSOR"|5,425.00
B00H8NRYJ2|http://www.amazon.in/OptimaSmart-OPS-60DN-White/dp/B00H8NRYJ2|http://ecx.images-amazon.com/images/I/41iICXQT2uL._AA160_.jpg|OptimaSmart OPS-60DN (White)|5,429.00
B00MAALR28|http://www.amazon.in/Spice-Stellar-497-1-2GHz-JB4-4/dp/B00MAALR28|http://ecx.images-amazon.com/images/I/41tAolYBEkL._AA160_.jpg|Spice Stellar Mi 497/1.2GHz Quad Core/Dual Sim (3G+GSM)/JB4.4/4GB ROM|5,449.00
B00PAQ9GMM|http://www.amazon.in/KARBONN-TITANIUM-512MB-4GB-Black/dp/B00PAQ9GMM|http://ecx.images-amazon.com/images/I/41kxBJEkRuL._AA160_.jpg|KARBONN TITANIUM S3 512MB / 4GB (Black)|5,450.00
B00HK7VBNQ|http://www.amazon.in/iBall-Uddaan-Andi-White/dp/B00HK7VBNQ|http://ecx.images-amazon.com/images/I/51qLupztYbL._AA160_.jpg|iBall Andi Uddaan (White)|5,490.00
B00MRX5BTS|http://www.amazon.in/Philips-W3500-Black/dp/B00MRX5BTS|http://ecx.images-amazon.com/images/I/41WpZP7rtzL._AA160_.jpg|Philips W3500 (Black)|5,490.00
B00O2ZIWMC|http://www.amazon.in/KARBONN-TITANIUM-512MB-4GB-White/dp/B00O2ZIWMC|http://ecx.images-amazon.com/images/I/41i7za4-bpL._AA160_.jpg|KARBONN TITANIUM S3 512MB / 4GB (White)|5,490.00
B00PZY0LWI|http://www.amazon.in/Karbonn-Titanium-S10-Black/dp/B00PZY0LWI|http://ecx.images-amazon.com/images/I/41cCASZbywL._AA160_.jpg|Karbonn Titanium S10 (Black)|5,490.00
B00H1OF40Y|http://www.amazon.in/Spice-Stellar-Nhance-Mi-437-Grey/dp/B00H1OF40Y|http://ecx.images-amazon.com/images/I/416GLstxmzL._AA160_.jpg|Spice Stellar Nhance 2 Mi-437 (Grey)|5,499.00
B00H8NRX5W|http://www.amazon.in/OptimaSmart-OPS-60DN-Black/dp/B00H8NRX5W|http://ecx.images-amazon.com/images/I/41cUUg0s5uL._AA160_.jpg|OptimaSmart OPS-60DN (Black)|5,499.00
B00KVF31JG|http://www.amazon.in/XOLO-A500s-Lite-a500s-white/dp/B00KVF31JG|http://ecx.images-amazon.com/images/I/41NqgXQ8sBL._AA160_.jpg|Xolo a500s Lite white|5,499.00
B00PIKSXRO|http://www.amazon.in/Micromax-Canvas-Fire2-A104-Black-Silver/dp/B00PIKSXRO|http://ecx.images-amazon.com/images/I/51eLmZDjEVL._AA160_.jpg|Micromax Canvas Fire2 A104 (Black-Silver)|5,499.00
B00UVA8R5Y|http://www.amazon.in/Lava-Fuel-25-Grey/dp/B00UVA8R5Y|http://ecx.images-amazon.com/images/I/4149x7aUOJL._AA160_.jpg|Lava Fuel 25 (Grey)|5,499.00
B00LUQY1K8|http://www.amazon.in/Micromax-A093-Fire-Black-Silver/dp/B00LUQY1K8|http://ecx.images-amazon.com/images/I/51ItngOUBNL._AA160_.jpg|Micromax Fire A093 (Black-Silver)|5,500.00
B00MKBZDHC|http://www.amazon.in/ZTE-V880H-Blade-G2/dp/B00MKBZDHC|http://ecx.images-amazon.com/images/I/419Csi%2Byb8L._AA160_.jpg|ZTE Blade G2|5,500.00
B00P0RFEZ4|http://www.amazon.in/Spice-Android-Dream-Mi-498-Black/dp/B00P0RFEZ4|http://ecx.images-amazon.com/images/I/4176zxhAOlL._AA160_.jpg|Spice Android One Dream UNO Mi-498 (Black)|5,500.00
B00QK3I4XQ|http://www.amazon.in/Celkon-Campus-Crown-Q40-Black/dp/B00QK3I4XQ|http://ecx.images-amazon.com/images/I/41r6vEoS5gL._AA160_.jpg|Celkon Campus Crown Q40 (Black)|5,500.00
B00TTW3ZAM|http://www.amazon.in/Micromax-Canvas-Pep-Q371-White/dp/B00TTW3ZAM|http://ecx.images-amazon.com/images/I/31LpBcahkeL._AA160_.jpg|Micromax Canvas Pep Q371 (White)|5,500.00
B00U2757EK|http://www.amazon.in/Celkon-Win-400-Black/dp/B00U2757EK|http://ecx.images-amazon.com/images/I/41hziY5KA4L._AA160_.jpg|Celkon Win 400 (Black)|5,500.00
B00WYV1FEI|http://www.amazon.in/Karbonn-Titanium-Dazzle-2-S202/dp/B00WYV1FEI|http://ecx.images-amazon.com/images/I/41hyWFSjQ%2BL._AA160_.jpg|Karbonn Titanium Dazzle 2 S202|5,590.00
B00H7T9X8W|http://www.amazon.in/Spice-Smart-Mettle-Mi-504-White/dp/B00H7T9X8W|http://ecx.images-amazon.com/images/I/41rAkWRjlYL._AA160_.jpg|Spice Smart Flo Mettle 5X Mi-504 (White)|5,599.00
B00OCHDUE0|http://www.amazon.in/KARBONN-SPARKLE-ANDRIOD-Smoky-White/dp/B00OCHDUE0|http://ecx.images-amazon.com/images/I/41PG2MFWnyL._AA160_.jpg|KARBONN SPARKLE V ANDRIOD ONE (Smoky White)|5,599.00
B00QK3JKNE|http://www.amazon.in/Celkon-Campus-Evoke-A43-Blue/dp/B00QK3JKNE|http://ecx.images-amazon.com/images/I/51Ha71F3W8L._AA160_.jpg|Celkon Campus Evoke A43 (Blue)|5,600.00
B00KP8NEUU|http://www.amazon.in/Gionee-P2S-White/dp/B00KP8NEUU|http://ecx.images-amazon.com/images/I/21zgi8lCQXL._AA160_.jpg|Gionee P2S (White)|5,610.00
B00MR5EE6C|http://www.amazon.in/XOLO-Q510s-Xolo-Gold/dp/B00MR5EE6C|http://ecx.images-amazon.com/images/I/41oSnrQB-NL._AA160_.jpg|Xolo Q510s (Gold)|5,630.00
B00TTWSTP8|http://www.amazon.in/Micromax-Canvas-Pep-Q371-Blue/dp/B00TTWSTP8|http://ecx.images-amazon.com/images/I/41oYYIPxZDL._AA160_.jpg|Micromax Canvas Pep Q371 (Blue)|5,639.80
B00UD4ZXGE|http://www.amazon.in/Karbonn-Titanium-Dazzle-S201-White/dp/B00UD4ZXGE|http://ecx.images-amazon.com/images/I/415asFB6FPL._AA160_.jpg|Karbonn Titanium Dazzle S201 (White)|5,649.00
B00XRKPM26|http://www.amazon.in/XOLO-xolo-prime/dp/B00XRKPM26|http://ecx.images-amazon.com/images/I/311uVuS3plL._AA160_.jpg|xolo prime|5,649.00
B00X5JQU8Y|http://www.amazon.in/Intex-Aqua-Life-II-Orange/dp/B00X5JQU8Y|http://ecx.images-amazon.com/images/I/41Np4jGen8L._AA160_.jpg|Intex Aqua Life II White & Orange|5,650.00
B00U18KEVQ|http://www.amazon.in/Spice-Mi-497-White/dp/B00U18KEVQ|http://ecx.images-amazon.com/images/I/516SXPhBXIL._AA160_.jpg|Spice Mi-497 (White)|5,694.00
B00L7EACCO|http://www.amazon.in/Micromax-A092-Unite-Red/dp/B00L7EACCO|http://ecx.images-amazon.com/images/I/41caakpwa4L._AA160_.jpg|Micromax Unite A092 (Red)|5,699.00
B00QK3IGDE|http://www.amazon.in/Celkon-Millennia-Q40-Plus-Black/dp/B00QK3IGDE|http://ecx.images-amazon.com/images/I/41yDyAl2%2BzL._AA160_.jpg|Celkon Millennia Q40 Plus (Black)|5,700.00
B00QK3IM4C|http://www.amazon.in/Celkon-Millennia-Q40-Plus-Silver/dp/B00QK3IM4C|http://ecx.images-amazon.com/images/I/41cjW1%2BLg3L._AA160_.jpg|Celkon Millennia Q40 Plus (Silver)|5,700.00
B00M3RIHEE|http://www.amazon.in/Micromax-Canvas-Fire-A104-White-Gold/dp/B00M3RIHEE|http://ecx.images-amazon.com/images/I/41rHfXPLhQL._AA160_.jpg|Micromax Canvas Fire 2 A104 (White-Gold)|5,700.05
B00N4QFUAM|http://www.amazon.in/Lenovo-A536-Black/dp/B00N4QFUAM|http://ecx.images-amazon.com/images/I/51-txpPSZYL._AA160_.jpg|Lenovo A536 (Black)|5,735.00
B00MTFU2UW|http://www.amazon.in/Micromax-Canvas-Fire-A104-Black-Gold/dp/B00MTFU2UW|http://ecx.images-amazon.com/images/I/51hMMC7MNOL._AA160_.jpg|Micromax Canvas Fire 2 (A104) Black-Gold|5,749.00
B00L7QZSQC|http://www.amazon.in/Karbonn-S2-Plus-Black/dp/B00L7QZSQC|http://ecx.images-amazon.com/images/I/41e2%2BoxwyNL._AA160_.jpg|Karbonn S2 Plus (Black)|5,790.00
B00MUV8XW4|http://www.amazon.in/XOLO-A700S-DUAL-SIM-BLACK/dp/B00MUV8XW4|http://ecx.images-amazon.com/images/I/41K7uNMJqyL._AA160_.jpg|XOLO A700S DUAL SIM (BLACK)|5,799.00
B0096MMC4K|http://www.amazon.in/Nokia-Lumia-610-White/dp/B0096MMC4K|http://ecx.images-amazon.com/images/I/31E3LWFukVL._AA160_.jpg|Nokia Lumia 610 (White)|5,800.00
B00DF0PK3O|http://www.amazon.in/Samsung-Galaxy-S5312-Metallic-Silver/dp/B00DF0PK3O|http://ecx.images-amazon.com/images/I/41s%2BEe2Dh0L._AA160_.jpg|Samsung Galaxy Pocket Neo S5312 Metallic Silver|5,800.00
B00GHA9UHQ|http://www.amazon.in/XOLO-A500s-IPS-Xolo-Black/dp/B00GHA9UHQ|http://ecx.images-amazon.com/images/I/41zJJQb6oFL._AA160_.jpg|Xolo A500s IPS (Black)|5,800.00
B00NUUPP5C|http://www.amazon.in/Digimac-Vivo-Black/dp/B00NUUPP5C|http://ecx.images-amazon.com/images/I/4136hKAnJkL._AA160_.jpg|Digimac Vivo (Black)|5,800.00
B00NUUPTTE|http://www.amazon.in/Digimac-Vivo-White/dp/B00NUUPTTE|http://ecx.images-amazon.com/images/I/4136hKAnJkL._AA160_.jpg|Digimac Vivo (White)|5,800.00
B00QTJE4HQ|http://www.amazon.in/Elephone-G4-Android-4-4-2-Screen/dp/B00QTJE4HQ|http://ecx.images-amazon.com/images/I/31YnbrOHiSL._AA160_.jpg|"Elephone G4 Android 4.4.2 5""QHD Screen, (Black)"|5,800.00
B00MHKDS82|http://www.amazon.in/XOLO-Xolo-A1000s-White/dp/B00MHKDS82|http://ecx.images-amazon.com/images/I/41Br6QP%2BtbL._AA160_.jpg|Xolo A1000s - White|5,804.00
B00MR5BXD4|http://www.amazon.in/XOLO-A1000s-Xolo-Black/dp/B00MR5BXD4|http://ecx.images-amazon.com/images/I/31BN9J5cVkL._AA160_.jpg|Xolo A1000s (Black)|5,813.00
B00O525Z68|http://www.amazon.in/Lenovo-A328-Black/dp/B00O525Z68|http://ecx.images-amazon.com/images/I/51YSX8m4EOL._AA160_.jpg|Lenovo A328 (Black)|5,849.00
B00KA9HKV8|http://www.amazon.in/XOLO-A600-Xolo-Yellow/dp/B00KA9HKV8|http://ecx.images-amazon.com/images/I/413aKlCr2FL._AA160_.jpg|Xolo A600 (Yellow)|5,850.00
B00LPIJSWC|http://www.amazon.in/XOLO-Q500S-IPS-BLACK/dp/B00LPIJSWC|http://ecx.images-amazon.com/images/I/41MgDyHRm8L._AA160_.jpg|XOLO Q500S IPS BLACK|5,850.00
B00HHQST9E|http://www.amazon.in/iBall-Andi-4-5-K6-White-Chrome/dp/B00HHQST9E|http://ecx.images-amazon.com/images/I/41vknJhVaQL._AA160_.jpg|iBall Andi 4.5-K6 (White-Chrome)|5,890.00
B00EU817H8|http://www.amazon.in/Alcatel-AURUS2-4030D-Aurus-Black/dp/B00EU817H8|http://ecx.images-amazon.com/images/I/41FipyPAbZL._AA160_.jpg|Idea Aurus 2 (Black)|5,899.00
B00I5M9UHY|http://www.amazon.in/Videocon-A55Q-HD-Black/dp/B00I5M9UHY|http://ecx.images-amazon.com/images/I/41u0tZ7pfNL._AA160_.jpg|Videocon A55Q HD (Black)|5,899.00
B00M1PKNGS|http://www.amazon.in/Micromax-Canvas-Entice-A105-Grey/dp/B00M1PKNGS|http://ecx.images-amazon.com/images/I/41hl%2Bqs%2Bh6L._AA160_.jpg|Micromax Canvas Entice A105 (Grey)|5,899.00
B00R5ZI3WA|http://www.amazon.in/Celkon-Signature-Two-A500-Black/dp/B00R5ZI3WA|http://ecx.images-amazon.com/images/I/41t-CkJRZ-L._AA160_.jpg|Celkon Signature Two A500 (Black)|5,899.00
B00DEYXGHS|http://www.amazon.in/LG-Optimus-E455-Dual-Black/dp/B00DEYXGHS|http://ecx.images-amazon.com/images/I/41smJAiywZL._AA160_.jpg|LG Optimus L5 II E455 (Dual SIM, Black)|5,900.00
B00H7WEPC8|http://www.amazon.in/Karbonn-A16-A16-White/dp/B00H7WEPC8|http://ecx.images-amazon.com/images/I/31FOl1Lv0sL._AA160_.jpg|Karbonn A16-White|5,900.00
B00D13QFJ8|http://www.amazon.in/LG-Optimus-Dual-E435-Black/dp/B00D13QFJ8|http://ecx.images-amazon.com/images/I/4121bX%2BTXTL._AA160_.jpg|LG Optimus L3 II Dual E435 (Black)|5,949.00
B00H8NXAMC|http://www.amazon.in/OptimaSmart-OPS-80D-White/dp/B00H8NXAMC|http://ecx.images-amazon.com/images/I/41IwdfIIZXL._AA160_.jpg|OptimaSmart OPS-80D (White)|5,949.00
B00PH3RP9O|http://www.amazon.in/Karbonn-Sparkle-Android-Magnum-Blue/dp/B00PH3RP9O|http://ecx.images-amazon.com/images/I/41KYtpxYxcL._AA160_.jpg|"Karbonn Sparkle V Android One | Magnum Blue"|5,949.00
B00LEMI85M|http://www.amazon.in/Gionee-P2S-blue/dp/B00LEMI85M|http://ecx.images-amazon.com/images/I/21SCZAxEdML._AA160_.jpg|Gionee P2S blue|5,950.00
B00PQ8XZ4Y|http://www.amazon.in/Karbonn-Titanium-S5-Ultra-White/dp/B00PQ8XZ4Y|http://ecx.images-amazon.com/images/I/31g-LRE8P7L._AA160_.jpg|Karbonn Titanium S5 Ultra (White)|5,950.00
B00QCDWA34|http://www.amazon.in/LG-LG-X132-L45-White/dp/B00QCDWA34|http://ecx.images-amazon.com/images/I/311Hx-RlpML._AA160_.jpg|LG-X132 (L45) White|5,950.00
B00J60DPKC|http://www.amazon.in/Micromax-Canvas-Elanza-A93-Silver/dp/B00J60DPKC|http://ecx.images-amazon.com/images/I/31CdzVpqSXL._AA160_.jpg|Micromax Canvas Elanza A93 (Black Silver)|5,957.05
B00HM1VAEA|http://www.amazon.in/Karbonn-Smart-A5-i-Black/dp/B00HM1VAEA|http://ecx.images-amazon.com/images/I/41N2k8ck%2B2L._AA160_.jpg|"Karbonn Smart A5(i) ""Black"""|5,980.00
B00GHN1KC6|http://www.amazon.in/Intex-Cloud-Y1-White/dp/B00GHN1KC6|http://ecx.images-amazon.com/images/I/41YUErFEkzL._AA160_.jpg|Intex Cloud Y1 (White)|5,990.00
B00M6T9EXW|http://www.amazon.in/Samsung-Galaxy-Advance-SM-G350E-Black/dp/B00M6T9EXW|http://ecx.images-amazon.com/images/I/31Pif2KI4bL._AA160_.jpg|Samsung Galaxy Star Advance SM-G350E (Black)|5,990.00
B00PZYEAR0|http://www.amazon.in/XOLO-Xolo-A1000s-Lite-Black/dp/B00PZYEAR0|http://ecx.images-amazon.com/images/I/312ZKMELHBL._AA160_.jpg|"Xolo A1000s Lite | Black"|5,990.00
B00T79TLFA|http://www.amazon.in/Karbonn-Machone-S310-White-Gold/dp/B00T79TLFA|http://ecx.images-amazon.com/images/I/41pjG0JVAqL._AA160_.jpg|Karbonn Machone S310 (White-Gold)|5,990.00
B00T9ND2EK|http://www.amazon.in/Microsoft-Lumia-532-Dual-SIM/dp/B00T9ND2EK|http://ecx.images-amazon.com/images/I/41D9vImUSZL._AA160_.jpg|Microsoft Lumia 532 (Dual SIM, Black)|5,990.00
B00I5M9RUY|http://www.amazon.in/Videocon-A55Q-HD-White/dp/B00I5M9RUY|http://ecx.images-amazon.com/images/I/3168rzozUxL._AA160_.jpg|Videocon A55Q HD (White)|5,995.00
B003UATJ2M|http://www.amazon.in/LG-Optimus-Net-P698-Titanium/dp/B003UATJ2M|http://ecx.images-amazon.com/images/I/41lMaiK5SvL._AA160_.jpg|LG Optimus Net P698 (Titanium)|5,999.00
B00DQ4F5HU|http://www.amazon.in/Ice-D3-Xphone-Pearl-White/dp/B00DQ4F5HU|http://ecx.images-amazon.com/images/I/311b-nyVG-L._AA160_.jpg|Ice D3 Xphone (Pearl White)|5,999.00
B00DQKUR4A|http://www.amazon.in/Lava-Q600-Xolo-White/dp/B00DQKUR4A|http://ecx.images-amazon.com/images/I/41zhVnbReaL._AA160_.jpg|Xolo Q600 (White)|5,999.00
B00H7136ZG|http://www.amazon.in/Videocon-A54-Grey/dp/B00H7136ZG|http://ecx.images-amazon.com/images/I/41tFUNqGg-L._AA160_.jpg|Videocon A54 (Grey)|5,999.00
B00H8NX8ZG|http://www.amazon.in/OptimaSmart-OPS-80D-Black/dp/B00H8NX8ZG|http://ecx.images-amazon.com/images/I/41dZaLGXQUL._AA160_.jpg|OptimaSmart OPS-80D (Black)|5,999.00
B00HF4VSGO|http://www.amazon.in/XOLO-Q1000-Opus-Xolo-White/dp/B00HF4VSGO|http://ecx.images-amazon.com/images/I/41ci4M56koL._AA160_.jpg|Xolo Q1000 Opus (White)|5,999.00
B00I7P4DZI|http://www.amazon.in/Lenovo-A516-White/dp/B00I7P4DZI|http://ecx.images-amazon.com/images/I/412JY52LX9L._AA160_.jpg|Lenovo A516 (White)|5,999.00
B00NP1H9FU|http://www.amazon.in/Q510S-Internal-Memory-Quad-core-Cortex-A7/dp/B00NP1H9FU|http://ecx.images-amazon.com/images/I/41YVfZDWFnL._AA160_.jpg|Xolo Q510S Blue With 8GB Internal Memory & Quad-core 1.3 GHz Cortex-A7|5,999.00
B00Q45WIXC|http://www.amazon.in/Spice-Mi-507-Stellar-Black-Blue/dp/B00Q45WIXC|http://ecx.images-amazon.com/images/I/41Bnbg2YVTL._AA160_.jpg|Spice Stellar Mi-507 (Black-Blue)|5,999.00
B00R64IK0K|http://www.amazon.in/LG-X137-L60i--Black-Blue/dp/B00R64IK0K|http://ecx.images-amazon.com/images/I/31In5gqTx0L._AA160_.jpg|LG L60i- X137 (Black-Blue)|5,999.00
B00T0AX2SS|http://www.amazon.in/XOLO-Q520S-Silver/dp/B00T0AX2SS|http://ecx.images-amazon.com/images/I/31VhDSRDlCL._AA160_.jpg|XOLO Q520S (Silver)|5,999.00
B00TO80Y2S|http://www.amazon.in/XOLO-Q510s-Xolo-Black/dp/B00TO80Y2S|http://ecx.images-amazon.com/images/I/51jsu00JrcL._AA160_.jpg|Xolo Q510s (Black)|5,999.00
B00TYJ404A|http://www.amazon.in/OptimaSmart-OPS-45QX-SmartPhone-Black-color/dp/B00TYJ404A|http://ecx.images-amazon.com/images/I/41cL-dzXn5L._AA160_.jpg|OptimaSmart OPS-45QX SmartPhone Dual SIM Black color|5,999.00
B00U2J3KI8|http://www.amazon.in/Lava-Iris-X1-Beats-White-Silver/dp/B00U2J3KI8|http://ecx.images-amazon.com/images/I/417BB8%2BO%2BrL._AA160_.jpg|Lava Iris X1 Beats (White-Silver)|5,999.00
B00U2J3ZX8|http://www.amazon.in/Lava-Iris-X1-Beats-Black/dp/B00U2J3ZX8|http://ecx.images-amazon.com/images/I/41v3dX2KqyL._AA160_.jpg|Lava Iris X1 Beats (Ink Black)|5,999.00
B00UJE2X6G|http://www.amazon.in/IS-56-Mercury-V2-golden/dp/B00UJE2X6G|http://ecx.images-amazon.com/images/I/413xbYMTXrL._AA160_.jpg|IS 56 Mercury V2(golden)|5,999.00
B00UJGZ7EO|http://www.amazon.in/IS-56-Mercury-V2-blue/dp/B00UJGZ7EO|http://ecx.images-amazon.com/images/I/41%2B1h6LyGfL._AA160_.jpg|IS 56 Mercury V2(blue)|5,999.00
B00VT58VAQ|http://www.amazon.in/Karbonn-Titanium-s10-Smart-S10/dp/B00VT58VAQ|http://ecx.images-amazon.com/images/I/51ies5plVIL._AA160_.jpg|Karbonn Smart S10|5,999.00
B00WTZLYGI|http://www.amazon.in/Intex-Aqua-Smart-Mobile-Phone/dp/B00WTZLYGI|http://ecx.images-amazon.com/images/I/51aybDh-1WL._AA160_.jpg|Intex Aqua Life Smart Mobile Phone - (White)|5,999.00
B00GWBULZU|http://www.amazon.in/Karbonn-A15-Silver/dp/B00GWBULZU|http://ecx.images-amazon.com/images/I/31nl7jtH3%2BL._AA160_.jpg|Karbonn A15+ (Silver)|6,000.00
B00H93MBP8|http://www.amazon.in/Karbonn-Duple-A1-Black/dp/B00H93MBP8|http://ecx.images-amazon.com/images/I/31JrnYG2-7L._AA160_.jpg|Karbonn Duple A1+ (Black)|6,000.00
B00MGFLCKY|http://www.amazon.in/Karbonn-Smart-A1-Super-Black/dp/B00MGFLCKY|http://ecx.images-amazon.com/images/I/31E3RAuJd8L._AA160_.jpg|Karbonn Smart A1+ Super (Black)|6,000.00
B00NUUPEJ4|http://www.amazon.in/Digimac-3X-Black/dp/B00NUUPEJ4|http://ecx.images-amazon.com/images/I/41Gubfj0JBL._AA160_.jpg|Digimac 3X (Black)|6,000.00
B00NUUPKNE|http://www.amazon.in/Digimac-3X-White/dp/B00NUUPKNE|http://ecx.images-amazon.com/images/I/41PrBikxXeL._AA160_.jpg|Digimac 3X (White)|6,000.00
B00URF3DU2|http://www.amazon.in/Micromax-Bolt-D321-Blue/dp/B00URF3DU2|http://ecx.images-amazon.com/images/I/51UHMWCwLlL._AA160_.jpg|Micromax Bolt D321 (Blue)|6,000.00
B00PH3RPR6|http://www.amazon.in/Karbonn-Sparkle-Android-One-Phone/dp/B00PH3RPR6|http://ecx.images-amazon.com/images/I/41FseRv5PpL._AA160_.jpg|"Karbonn Sparkle V | Android One Phone | Red"|6,019.00
B00CDME8S8|http://www.amazon.in/Karbonn-A12-Smart-White/dp/B00CDME8S8|http://ecx.images-amazon.com/images/I/41ruyF2iJiL._AA160_.jpg|Karbonn Smart A12 (White)|6,050.00
B00LTPBQMG|http://www.amazon.in/OPPO-Digital-R1001-Joy-White/dp/B00LTPBQMG|http://ecx.images-amazon.com/images/I/31dx478QWWL._AA160_.jpg|OPPO Joy R1001 (White)|6,050.00
B00DS50YCI|http://www.amazon.in/Micromax-Canvas-Lite-A92-Black/dp/B00DS50YCI|http://ecx.images-amazon.com/images/I/41fLfm2Yx3L._AA160_.jpg|Micromax Canvas Lite A92 (Black)|6,080.00
B00ORD3JX6|http://www.amazon.in/XOLO-One-Xolo-Black/dp/B00ORD3JX6|http://ecx.images-amazon.com/images/I/41cpcHSzppL._AA160_.jpg|Xolo One (Black)|6,099.00
B00FF7FJX6|http://www.amazon.in/Samsung-Galaxy-Trend-Midnight-Black/dp/B00FF7FJX6|http://ecx.images-amazon.com/images/I/41XiEoANoZL._AA160_.jpg|Samsung Galaxy Trend (Dual SIM, Midnight Black)|6,100.00
B00P2HZ81M|http://www.amazon.in/Micromax-Canvas-Doodle-A102-Blue/dp/B00P2HZ81M|http://ecx.images-amazon.com/images/I/41-w5g%2BaPML._AA160_.jpg|Micromax Canvas Doodle 3 A102 (Blue, 8GB)|6,115.00
B00PZVCI5E|http://www.amazon.in/Karbonn-karbonna93-A93-Blue/dp/B00PZVCI5E|http://ecx.images-amazon.com/images/I/41ucqXOa1KL._AA160_.jpg|Karbonn A93 (Blue)|6,123.00
B00SOLEF9E|http://www.amazon.in/Panasonic-T40-White/dp/B00SOLEF9E|http://ecx.images-amazon.com/images/I/31rzB7ZYaeL._AA160_.jpg|Panasonic T40 White|6,150.00
B00RE4UDI4|http://www.amazon.in/LG-LNX137-Black-Titan-Black-Titan/dp/B00RE4UDI4|http://ecx.images-amazon.com/images/I/41czxa2TAzL._AA160_.jpg|LG L60i- X137 (Black-Titan)|6,189.00
B00G2YD9II|http://www.amazon.in/Samsung-Galaxy-Trend-GT-S7392-Ceramic/dp/B00G2YD9II|http://ecx.images-amazon.com/images/I/518xJgmmZRL._AA160_.jpg|Samsung Galaxy Trend GT-S7392 (Ceramic White)|6,200.00
B00KOUFRMC|http://www.amazon.in/Lava-a500-club-Xolo-A500/dp/B00KOUFRMC|http://ecx.images-amazon.com/images/I/41aXRoH3UeL._AA160_.jpg|Xolo A500 Club (Red)|6,200.00
B00QK3JPHK|http://www.amazon.in/Celkon-Campus-Evoke-A43-Grey/dp/B00QK3JPHK|http://ecx.images-amazon.com/images/I/51R5hA22aUL._AA160_.jpg|Celkon Campus Evoke A43 (Grey)|6,200.00
B00V3GMYHM|http://www.amazon.in/Intex-Aqua-Star-II-Black/dp/B00V3GMYHM|http://ecx.images-amazon.com/images/I/519nCdIP-cL._AA160_.jpg|Intex Aqua Star II (Black)|6,222.00
B00WWTKELC|http://www.amazon.in/Mobile-Multitouch-Tagging-Capture-Bluetooth/dp/B00WWTKELC|http://ecx.images-amazon.com/images/I/41hLsfQREBL._AA160_.jpg|"Rage 50q Mobile Phone(Black+Silver) Which Comes With 5"" Multitouch Screen, 8 Mp Flash Camera(Geo Tagging, Voice..."|6,249.00
B00RN28TLU|http://www.amazon.in/Panasonic-T41-ROM-RAM-White/dp/B00RN28TLU|http://ecx.images-amazon.com/images/I/41gYbn9rkRL._AA160_.jpg|"Panasonic T41 8 GB ROM | 1 GB RAM (White)"|6,250.00
B00T9NDHU4|http://www.amazon.in/Microsoft-Lumia-532-Dual-SIM/dp/B00T9NDHU4|http://ecx.images-amazon.com/images/I/41bxolIcosL._AA160_.jpg|Microsoft Lumia 532 (Dual SIM, White)|6,250.00
B00LHY5HA6|http://www.amazon.in/Micromax-Bolt-A069-White/dp/B00LHY5HA6|http://ecx.images-amazon.com/images/I/41kzDbrRJTL._AA160_.jpg|Micromax Bolt A069 (White)|6,271.00
B00NV75202|http://www.amazon.in/Celkon-Millennium-Glory-Q5-White/dp/B00NV75202|http://ecx.images-amazon.com/images/I/41-uaI%2B8h3L._AA160_.jpg|Celkon Millennium Glory Q5 (White)|6,275.00
B00DVF6LX6|http://www.amazon.in/Sony-Xperia-ST21I2-Serene-Black/dp/B00DVF6LX6|http://ecx.images-amazon.com/images/I/2102gLCwQTL.jpg|Sony Xperia Tipo ST21I2 (Dual SIM, Serene Black)|6,290.00
B00OS5264G|http://www.amazon.in/Karbonn-KAR-A19-2BK2-KARBONN/dp/B00OS5264G|http://ecx.images-amazon.com/images/I/41Aw7akOcUL._AA160_.jpg|KARBONN A19+ (PLUS)|6,290.00
B00T9ND7SG|http://www.amazon.in/Microsoft-Lumia-532-Dual-SIM/dp/B00T9ND7SG|http://ecx.images-amazon.com/images/I/51VZ-wWssKL._AA160_.jpg|Microsoft Lumia 532 (Dual SIM, Green)|6,290.00
B00T9NDC9A|http://www.amazon.in/Microsoft-Lumia-532-Dual-SIM/dp/B00T9NDC9A|http://ecx.images-amazon.com/images/I/51FEDYH3GyL._AA160_.jpg|Microsoft Lumia 532 (Dual SIM, Orange)|6,290.00
B00TFBB2E8|http://www.amazon.in/Intex-Aqua-Smart-Mobile-Phone/dp/B00TFBB2E8|http://ecx.images-amazon.com/images/I/31cHsqGg6EL._AA160_.jpg|Intex Aqua Q3 Smart Mobile Phone (Blue)|6,290.00
B00VNY8ARM|http://www.amazon.in/Samsung-Galaxy-Duos-Updated-Version/dp/B00VNY8ARM|http://ecx.images-amazon.com/images/I/41FSfV-SzXL._AA160_.jpg|Samsung Galaxy Duos 3 VE G316H (New Updated Version of Duos 3)|6,290.00
B00X3IAS2Q|http://www.amazon.in/Intex-Aqua-Star-Smart-Phone/dp/B00X3IAS2Q|http://ecx.images-amazon.com/images/I/510tXS04TML._AA160_.jpg|Intex Aqua Star 2 HD Smart Phone (Grey)|6,295.00
B00LQN7RYM|http://www.amazon.in/Samsung-Galaxy-SM-G313H-Ceramic-White/dp/B00LQN7RYM|http://ecx.images-amazon.com/images/I/413c%2B5%2BhoTL._AA160_.jpg|Samsung Galaxy Ace NXT SM-G313H (Ceramic White)|6,298.80
B00HZCWBI0|http://www.amazon.in/Lava-Iris-505-Black/dp/B00HZCWBI0|http://ecx.images-amazon.com/images/I/41MjTvSHAZL._AA160_.jpg|Lava Iris 505 (Black)|6,299.00
B00LZT9394|http://www.amazon.in/Forme-Onion-cell-Phone-Black/dp/B00LZT9394|http://ecx.images-amazon.com/images/I/41TAkHNZosL._AA160_.jpg|Forme Onion cell Phone (Black)|6,299.00
B00NYSJGMI|http://www.amazon.in/Karbonn-Titanium-S29-Elite-White/dp/B00NYSJGMI|http://ecx.images-amazon.com/images/I/41uiRc8G1tL._AA160_.jpg|Karbonn Titanium S29 Elite(White)|6,299.00
B00QEXKSDQ|http://www.amazon.in/Micromax-A93-Canvas-Fire-Black-Silver/dp/B00QEXKSDQ|http://ecx.images-amazon.com/images/I/417qj4wlWlL._AA160_.jpg|Micromax A93 Canvas Fire (Black-Silver)|6,299.00
B00E4GY188|http://www.amazon.in/Swingtel-TigerTab-Red/dp/B00E4GY188|http://ecx.images-amazon.com/images/I/515DMAIr1NL._AA160_.jpg|Swingtel TigerTab (Red)|6,300.00
B00R5ZHKBK|http://www.amazon.in/Celkon-Millennium-Dazzle-Q44-Golden/dp/B00R5ZHKBK|http://ecx.images-amazon.com/images/I/41W5To5uPiL._AA160_.jpg|Celkon Millennium Dazzle Q44 (Golden)|6,300.00
B00R5ZHT20|http://www.amazon.in/Celkon-Millennium-Dazzle-Q44-Silver/dp/B00R5ZHT20|http://ecx.images-amazon.com/images/I/41LTBH3DstL._AA160_.jpg|Celkon Millennium Dazzle Q44 (Silver)|6,300.00
B00VA182NU|http://www.amazon.in/Lava-Fuel-10-Black/dp/B00VA182NU|http://ecx.images-amazon.com/images/I/41ldHkv42CL._AA160_.jpg|Lava Fuel 10 (Black)|6,349.00
B00N5OY5XQ|http://www.amazon.in/Micromax-Canvas-Win-W121-Black/dp/B00N5OY5XQ|http://ecx.images-amazon.com/images/I/413WFBmdxkL._AA160_.jpg|Micromax Canvas Win W121 (Black)|6,350.00
B00IXCZEEE|http://www.amazon.in/Micromax-Canvas-Power-A96-Black/dp/B00IXCZEEE|http://ecx.images-amazon.com/images/I/41H7L4Am5XL._AA160_.jpg|Micromax Canvas Power A96 (Black)|6,390.00
B00KWWPK10|http://www.amazon.in/XOLO-Q1011-White/dp/B00KWWPK10|http://ecx.images-amazon.com/images/I/41icJFwDZcL._AA160_.jpg|XOLO Q1011 (White)|6,399.00
B00NIFW2W8|http://www.amazon.in/U-TOUCH-XTREME-Utouch-Pad-Xtreme/dp/B00NIFW2W8|http://ecx.images-amazon.com/images/I/512qG27RNbL._AA160_.jpg|Utouch Pad Xtreme|6,399.00
B00IXCYWJW|http://www.amazon.in/Lenovo-A680-Black/dp/B00IXCYWJW|http://ecx.images-amazon.com/images/I/11sxNpoxr1L._AA160_.jpg|Lenovo A680 (Black)|6,400.00
B00L56AL3O|http://www.amazon.in/Alcatel-Idea-Aurus-III-Black/dp/B00L56AL3O|http://ecx.images-amazon.com/images/I/41akq4vnmvL._AA160_.jpg|Alcatel Idea Aurus III (Black)|6,400.00
B00LTPBMY8|http://www.amazon.in/OPPO-Digital-R1001-Joy-Black/dp/B00LTPBMY8|http://ecx.images-amazon.com/images/I/41ks%2B25rPyL._AA160_.jpg|OPPO Joy R1001 (Black)|6,445.00
B00G2YDEVK|http://www.amazon.in/Samsung-Galaxy-Trend-GT-S7392-Wine/dp/B00G2YDEVK|http://ecx.images-amazon.com/images/I/41Eh9CAKU8L._AA160_.jpg|Samsung Galaxy Trend GT-S7392 (Wine Red)|6,450.00
B00LVXTWFE|http://www.amazon.in/Samsung-Galaxy-Ace-SM-G313H-Black/dp/B00LVXTWFE|http://ecx.images-amazon.com/images/I/41ZoqIALNsL._AA160_.jpg|Samsung Galaxy Ace NXT SM-G313H (Black)|6,480.00
B00P2HZDOE|http://www.amazon.in/Micromax-Canvas-Doodle-A102-White/dp/B00P2HZDOE|http://ecx.images-amazon.com/images/I/51qrXL0rDIL._AA160_.jpg|Micromax Canvas Doodle 3 A102 (White, 8GB)|6,484.00
B00RN5A852|http://www.amazon.in/LG-LG-X132-L45-Dual-Black/dp/B00RN5A852|http://ecx.images-amazon.com/images/I/31UytmYDSBL._AA160_.jpg|LG-X132 (L45) Dual Black|6,484.00
B00J26HJJ8|http://www.amazon.in/Lenovo-A680-White/dp/B00J26HJJ8|http://ecx.images-amazon.com/images/I/41JxbD77SOL._AA160_.jpg|Lenovo A680 (White)|6,490.00
B00M2ZHLGM|http://www.amazon.in/Karbonn-Titanium-S3-Black/dp/B00M2ZHLGM|http://ecx.images-amazon.com/images/I/41zb5zX1eML._AA160_.jpg|Karbonn Titanium S3 (Black)|6,490.00
B00NAXWLEC|http://www.amazon.in/Samsung-Galaxy-SM-G313HU-Ceramic-White/dp/B00NAXWLEC|http://ecx.images-amazon.com/images/I/41eMXeVK2cL._AA160_.jpg|Samsung Galaxy S Duos 3 SM-G313HU/DD (Ceramic White)|6,490.00
B00ORD36MU|http://www.amazon.in/XOLO-One-Xolo-White/dp/B00ORD36MU|http://ecx.images-amazon.com/images/I/41iyV0YJvxL._AA160_.jpg|Xolo One (White)|6,498.00
B0093HKNJY|http://www.amazon.in/Sony-1264-0774-Xperia-Tipo-Blue/dp/B0093HKNJY|http://ecx.images-amazon.com/images/I/41ipmSvSWZL._AA160_.jpg|Sony Xperia Tipo (Blue)|6,499.00
B00JFYTL5M|http://www.amazon.in/Lenovo-A526-Blue/dp/B00JFYTL5M|http://ecx.images-amazon.com/images/I/31vj5BU3ObL._AA160_.jpg|Lenovo A526 (Blue)|6,499.00
B00L3ZCVFI|http://www.amazon.in/XOLO-Q1000-Opus2-Xolo-Black/dp/B00L3ZCVFI|http://ecx.images-amazon.com/images/I/41yIhM1qCbL._AA160_.jpg|Xolo Q1000 Opus2 (Black)|6,499.00
B00Q45XR6O|http://www.amazon.in/Spice-Mi-520-Stellar-Yellow/dp/B00Q45XR6O|http://ecx.images-amazon.com/images/I/31LIJHoQcVL._AA160_.jpg|Spice Stellar Mi-520 (Yellow)|6,499.00
B00QK3JUB6|http://www.amazon.in/Celkon-A125-Campus-Black/dp/B00QK3JUB6|http://ecx.images-amazon.com/images/I/51C1gRvyNsL._AA160_.jpg|Celkon Campus A125 (Black)|6,499.00
B00R373AFA|http://www.amazon.in/Micromax-Canvas-Xpress-A99-Blue/dp/B00R373AFA|http://ecx.images-amazon.com/images/I/41NJGKjs2AL._AA160_.jpg|Micromax Canvas Xpress A99 (Blue)|6,499.00
B00WGBXN5K|http://www.amazon.in/Xolo-Q1001-Mobile-Phone-White/dp/B00WGBXN5K|http://ecx.images-amazon.com/images/I/41LsGn7%2B%2BsL._AA160_.jpg|Xolo Q1001 Mobile Phone - White|6,499.00
B00E1F0TC4|http://www.amazon.in/Swingtel-Superb-HD-White/dp/B00E1F0TC4|http://ecx.images-amazon.com/images/I/51a0eTXc07L._AA160_.jpg|Swingtel Superb HD (White)|6,500.00
B00LEF4LE6|http://www.amazon.in/Spice-Mi-509-Stellar-White/dp/B00LEF4LE6|http://ecx.images-amazon.com/images/I/416Fibz3MbL._AA160_.jpg|Spice Stellar Mi-509 (White)|6,500.00
B00LTWHOGG|http://www.amazon.in/Panasonic-T41-Mobile-Phone-Black/dp/B00LTWHOGG|http://ecx.images-amazon.com/images/I/41GPjmUWd9L._AA160_.jpg|Panasonic T41 Mobile Phone (Black)|6,514.00
B00JTQEAVG|http://www.amazon.in/Micromax-Canvas-Blaze-MT500-Black/dp/B00JTQEAVG|http://ecx.images-amazon.com/images/I/31bz1By50EL._AA160_.jpg|Micromax Canvas Blaze MT500 (Black)|6,550.00
B008IEGPEA|http://www.amazon.in/Samsung-Galaxy-GT-S5360-Absolute-Black/dp/B008IEGPEA|http://ecx.images-amazon.com/images/I/41WLCF-K4%2BL._AA160_.jpg|Samsung Galaxy Y GT-S5360 (Absolute Black)|6,573.00
B00HZN4SXA|http://www.amazon.in/Gionee-Pioneer-P3-White/dp/B00HZN4SXA|http://ecx.images-amazon.com/images/I/51eqgbbwM%2BL._AA160_.jpg|Gionee Pioneer P3 (White)|6,590.00
B00R4AKJPK|http://www.amazon.in/Panasonic-T41-8-GB-Black/dp/B00R4AKJPK|http://ecx.images-amazon.com/images/I/31qxCGfoUWL._AA160_.jpg|Panasonic T41 8 GB (Black)|6,590.00
B00S82MZK0|http://www.amazon.in/Motorola-Moto-XT-1021-GSM-Unlocked/dp/B00S82MZK0|http://ecx.images-amazon.com/images/I/4106bW5DF5L._AA160_.jpg|Imported Motorola Moto E XT-1021 GSM - Unlocked - 4GB (Black) Single Sim|6,590.00
B00PQ87PL8|http://www.amazon.in/Karbonn-Titanium-S5-Ultra-Black/dp/B00PQ87PL8|http://ecx.images-amazon.com/images/I/31oTV8HvnwL._AA160_.jpg|Karbonn Titanium S5 Ultra (Black)|6,599.00
B00QK3IRVA|http://www.amazon.in/Celkon-Millennium-Glory-Q5-Grey/dp/B00QK3IRVA|http://ecx.images-amazon.com/images/I/414N0tlOZDL._AA160_.jpg|Celkon Millennium Glory Q5 (Grey)|6,600.00
B00TSHE1RO|http://www.amazon.in/Micromax-Canvas-Xpress-A99-Silver/dp/B00TSHE1RO|http://ecx.images-amazon.com/images/I/411pvXNDK8L._AA160_.jpg|Micromax Canvas Xpress A99 (Silver)|6,600.00
B00W944R2C|http://www.amazon.in/Intex-Aqua-Life-White-Silver/dp/B00W944R2C|http://ecx.images-amazon.com/images/I/51dcEZnKtXL._AA160_.jpg|Intex Aqua Life - White Silver|6,610.00
B00VWMTHHM|http://www.amazon.in/Microsoft-Lumia-532-Black/dp/B00VWMTHHM|http://ecx.images-amazon.com/images/I/41U%2BSipeDaL._AA160_.jpg|Microsoft Lumia 532 Black|6,649.00
B00L7TBOVW|http://www.amazon.in/Karbonn-Titanium-S9-Lite-Black/dp/B00L7TBOVW|http://ecx.images-amazon.com/images/I/41KDKAXx9dL._AA160_.jpg|Karbonn Titanium S9 Lite (Black)|6,660.00
B00J95S31U|http://www.amazon.in/Gionee-Pioneer-P3-Black/dp/B00J95S31U|http://ecx.images-amazon.com/images/I/31q5wXwB-FL._AA160_.jpg|Gionee Pioneer P3 (Black)|6,690.00
B00TPM4RJ4|http://www.amazon.in/Lava-Iris-Alfa-White/dp/B00TPM4RJ4|http://ecx.images-amazon.com/images/I/41PjacgOXeL._AA160_.jpg|Lava Iris Alfa (White)|6,690.00
B0093HKO2U|http://www.amazon.in/Sony-Xperia-ST21I2-Classic-Silver/dp/B0093HKO2U|http://ecx.images-amazon.com/images/I/41frOS7GaEL._AA160_.jpg|Sony Xperia Tipo ST21I2 (Dual SIM, Classic Silver)|6,699.00
B00ORD2HXE|http://www.amazon.in/XOLO-One-Xolo-Red/dp/B00ORD2HXE|http://ecx.images-amazon.com/images/I/41cpcHSzppL._AA160_.jpg|Xolo One (Red)|6,699.00
B00CL4I1W2|http://www.amazon.in/Samsung-Galaxy-Young-GT-S6312-White/dp/B00CL4I1W2|http://ecx.images-amazon.com/images/I/51rRUlLQnOL._AA160_.jpg|Samsung Galaxy Young GT-S6312 (White)|6,700.00
B00REH58TU|http://www.amazon.in/BABY-PANTHER-ANDI-4-5V-SILVER/dp/B00REH58TU|http://ecx.images-amazon.com/images/I/31ea0GLhfmL._AA160_.jpg|IBALL BABY PANTHER ANDI 4.5V(WHITE+SILVER)|6,700.00
B00KD8B6GG|http://www.amazon.in/Nokia-Lumia-630-Black-Dual/dp/B00KD8B6GG|http://ecx.images-amazon.com/images/I/412iCcCgx7L._AA160_.jpg|Nokia Lumia 630 (Black, Dual SIM)|6,749.00
B00RE3F3VW|http://www.amazon.in/Karbonn-Titanium-S10-White/dp/B00RE3F3VW|http://ecx.images-amazon.com/images/I/414UeA3gexL._AA160_.jpg|Karbonn Titanium S10 (White)|6,786.00
B00K3KEU6C|http://www.amazon.in/Micromax-Canvas-Colours-A120-Grey/dp/B00K3KEU6C|http://ecx.images-amazon.com/images/I/41CHvXP0%2B9L._AA160_.jpg|Micromax Canvas 2 Colours A120 (Grey)|6,793.00
B00PASRWKS|http://www.amazon.in/MTECH-8GBROM-PROCESSOR-DISPLAY-SMARTPHONE/dp/B00PASRWKS|http://ecx.images-amazon.com/images/I/31K4dVWBA-L._AA160_.jpg|MTECH TURBO PIX 3G WIFI 8GBROM 1GB RAM 13MP &2MP CAMERA 1.3 GHZ QUAD CORE PROCESSOR 5INCH QHD IPS DISPLAY SMARTPHONE|6,797.00
B00NAXZGPS|http://www.amazon.in/Samsung-Galaxy-Duos-SM-G313HU-Charcoal/dp/B00NAXZGPS|http://ecx.images-amazon.com/images/I/41%2BvA65RT5L._AA160_.jpg|Samsung Galaxy S Duos 3 SM-G313HU (Charcoal Grey)|6,798.00
B00PY0QP3W|http://www.amazon.in/Microsoft-Lumia-638-Nokia-Black/dp/B00PY0QP3W|http://ecx.images-amazon.com/images/I/41-KG8jF%2BHL._AA160_.jpg|Nokia Lumia 638 (Black)|6,799.00
B00XPQVX2A|http://www.amazon.in/Intex-intex-aqua-style-x/dp/B00XPQVX2A|http://g-ecx.images-amazon.com/images/G/31/x-site/icons/no-img-sm._V138359930_AA160_.gif|intex aqua style x|6,799.00
B00HF4VJCM|http://www.amazon.in/Micromax-MT500-Canvas-Blaze-MT500-White/dp/B00HF4VJCM|http://ecx.images-amazon.com/images/I/41IA0XHW%2BCL._AA160_.jpg|Micromax Canvas Blaze MT500-White|6,800.00
B00N8X664K|http://www.amazon.in/XOLO-Q610s-Xolo-Black/dp/B00N8X664K|http://ecx.images-amazon.com/images/I/41Gm0CukTkL._AA160_.jpg|Xolo Q610s (Black)|6,800.00
B00NJI3JJO|http://www.amazon.in/XOLO-Q610s-Xolo-Q610S-White/dp/B00NJI3JJO|http://ecx.images-amazon.com/images/I/41Wn5iYNbTL._AA160_.jpg|Xolo Q610S White|6,800.00
B00UBVBKH0|http://www.amazon.in/Micromax-Canvas-Fire-A107-Cosmic-Grey/dp/B00UBVBKH0|http://ecx.images-amazon.com/images/I/31AgEl1SSlL._AA160_.jpg|Micromax Canvas Fire 4 A107-Cosmic Grey|6,860.00
B00JHAAK8G|http://www.amazon.in/Sony-Xperia-E1-Dual-White/dp/B00JHAAK8G|http://ecx.images-amazon.com/images/I/21zjfe2x8GL._AA160_.jpg|Sony Xperia E1 (Dual SIM, White)|6,890.00
B00JUZ40FC|http://www.amazon.in/Micromax-Canvas-Doodle-A102-White/dp/B00JUZ40FC|http://ecx.images-amazon.com/images/I/41sIzBNGU0L._AA160_.jpg|Micromax Canvas Doodle 3 A102 (White, 1GB RAM)|6,890.00
B00H7T9OJK|http://www.amazon.in/Karbonn-Titanium-S5-Plus-Pearl/dp/B00H7T9OJK|http://ecx.images-amazon.com/images/I/41gGOy-p5tL._AA160_.jpg|Karbonn Titanium S5 Plus (Pearl White)|6,900.00
B00TFANZF8|http://www.amazon.in/Intex-Aqua-Smart-Mobile-phone/dp/B00TFANZF8|http://ecx.images-amazon.com/images/I/31dESd2J6OL._AA160_.jpg|Intex Aqua Star 5.0 Smart Mobile phone - (Blue-Gun Metal)|6,949.00
B00OZM9UC8|http://www.amazon.in/LG-L60-X147-X-147-Black/dp/B00OZM9UC8|http://ecx.images-amazon.com/images/I/41jj96MYBxL._AA160_.jpg|LG L60 X-147 - Black|6,958.00
B00UP36RHM|http://www.amazon.in/Reach-Quadra-RQ-332i/dp/B00UP36RHM|http://ecx.images-amazon.com/images/I/31eRO%2B6r9kL._AA160_.jpg|Reach Quadra RQ 332i|6,969.00
B00SHXE8E6|http://www.amazon.in/Videocon-Infinium-Z50Q-Star-Smart/dp/B00SHXE8E6|http://ecx.images-amazon.com/images/I/21e1nyPN-fL._AA160_.jpg|Videocon Infinium Z50Q Star Smart Phone (Red) Free one back Panel|6,970.00
B00TJUXNTW|http://www.amazon.in/knight-smartphone-screen-special-gestures/dp/B00TJUXNTW|http://ecx.images-amazon.com/images/I/31MsQwl1B0L._AA160_.jpg|gaba knight smartphone (A6) with 5 inch screen ,5mp camera ,1gb ram and 8gb rom ,special knight edition. with...|6,995.00
B00WZZORFC|http://www.amazon.in/Micromax-Canvas-Q355-Mobile-White/dp/B00WZZORFC|http://ecx.images-amazon.com/images/I/51b8bfPJRaL._AA160_.jpg|Micromax Canvas Play Q355 Dual Sim Mobile White|6,995.00
B00DEZ2SQM|http://www.amazon.in/LG-Optimus-E450-Single-Black/dp/B00DEZ2SQM|http://ecx.images-amazon.com/images/I/414H32FMmdL._AA160_.jpg|LG Optimus L5 II E450 (Single SIM, Black)|6,999.00
B00LUPM4VW|http://www.amazon.in/XOLO-Q500s-IPS-Xolo-Green/dp/B00LUPM4VW|http://ecx.images-amazon.com/images/I/419GO17n6fL._AA160_.jpg|Xolo Q500s IPS (Green)|6,999.00
B00PGQWJCU|http://www.amazon.in/Lava-Iris-Fuel-50-Black/dp/B00PGQWJCU|http://ecx.images-amazon.com/images/I/41UI5jWfr%2BL._AA160_.jpg|Lava Iris Fuel 50 (Black)|6,999.00
B00RP3DO1M|http://www.amazon.in/OptimaSmart-OPS-50QX-SmartPhone-Black-color/dp/B00RP3DO1M|http://ecx.images-amazon.com/images/I/41nrUY5HTWL._AA160_.jpg|OptimaSmart OPS-50QX SmartPhone Dual SIM Black color|6,999.00
B00ST9V3UA|http://www.amazon.in/Karbonn-MACHONE-Smart-Phone-White-Golden/dp/B00ST9V3UA|http://ecx.images-amazon.com/images/I/311B6GNxIwL._AA160_.jpg|Karbonn MACHONE Smart Phone (White-Golden)|6,999.00
B00UJK0X1W|http://www.amazon.in/IS-55-Mercury-V1-white/dp/B00UJK0X1W|http://ecx.images-amazon.com/images/I/51hiQXIT4jL._AA160_.jpg|IS 55 Mercury V1(white)|6,999.00
B00UJKRT28|http://www.amazon.in/IS-55-Mercury-V1-black/dp/B00UJKRT28|http://ecx.images-amazon.com/images/I/51hiQXIT4jL._AA160_.jpg|IS 55 Mercury V1(black)|6,999.00
B00VC4FEHM|http://www.amazon.in/Intex-Aqua-HD-5-0-Black-Gold/dp/B00VC4FEHM|http://ecx.images-amazon.com/images/I/41a96xaRSSL._AA160_.jpg|Intex Aqua HD 5.0 (Black-Gold)|6,999.00
B00VEB055E|http://www.amazon.in/Mi-Redmi-2-White/dp/B00VEB055E|http://ecx.images-amazon.com/images/I/410jtII-TxL._AA160_.jpg|Redmi 2 (White)|6,999.00
B00XEG03CW|http://www.amazon.in/Micromax-Unite-Dual-White-Mobile/dp/B00XEG03CW|http://ecx.images-amazon.com/images/I/41DZ-sEn5QL._AA160_.jpg|Micromax Unite 3 8GB Rom 1GB Ram Dual Sim White Mobile|6,999.00
B0096MNODI|http://www.amazon.in/Nokia-Asha-311-Rose-Red/dp/B0096MNODI|http://ecx.images-amazon.com/images/I/31u-1yN3FML._AA160_.jpg|Nokia Asha 311 (Rose Red)|7,000.00
B00LSPH89C|http://www.amazon.in/Samsung-Galaxy-Core-2-Black/dp/B00LSPH89C|http://ecx.images-amazon.com/images/I/41tgwzKLMcL._AA160_.jpg|Samsung Galaxy Core 2 (Black)|7,000.00
B00MQL7NHO|http://www.amazon.in/Panasonic-Eluga-A-ELUGA-White/dp/B00MQL7NHO|http://ecx.images-amazon.com/images/I/41QYhjxWfvL._AA160_.jpg|Panasonic ELUGA A (White)|7,022.00
B008RJTV06|http://www.amazon.in/Samsung-Galaxy-Duos-S6102-White/dp/B008RJTV06|http://ecx.images-amazon.com/images/I/417oPjxTpvL._AA160_.jpg|Samsung Galaxy Y Duos S6102 (Pure White)|7,050.00
B00N5UJZQW|http://www.amazon.in/Panasonic-Eluga-A-ELUGA-Black/dp/B00N5UJZQW|http://ecx.images-amazon.com/images/I/412qCvEbWAL._AA160_.jpg|Panasonic ELUGA A (Black)|7,080.00
B00LGZ91XK|http://www.amazon.in/HTC-Desire-310-Dual-White/dp/B00LGZ91XK|http://ecx.images-amazon.com/images/I/418wi-Gp76L._AA160_.jpg|HTC Desire 310 (Dual SIM, 1GB RAM, White)|7,090.00
B00GQVCSVQ|http://www.amazon.in/Karbonn-A21-Plus-Black/dp/B00GQVCSVQ|http://ecx.images-amazon.com/images/I/41HhF%2BzgcnL._AA160_.jpg|Karbonn A21 Plus (Black)|7,099.00
B00ND2HK6Y|http://www.amazon.in/iBall-Enigma-Andi-4-5M-Gold/dp/B00ND2HK6Y|http://ecx.images-amazon.com/images/I/41EQJrbBSqL._AA160_.jpg|iBall Enigma Andi 4.5M(Gold)|7,099.00
B00R12CGXE|http://www.amazon.in/Xolo-Q710S-Mobile-Phone-Black/dp/B00R12CGXE|http://ecx.images-amazon.com/images/I/41ehIK7u3eL._AA160_.jpg|"Xolo Q710S Mobile Phone | Black"|7,100.00
B00SYFGRAK|http://www.amazon.in/Lava-Iris-X1-Grand-White-Silver/dp/B00SYFGRAK|http://ecx.images-amazon.com/images/I/41Aq-pZFbRL._AA160_.jpg|Lava Iris X1 Grand (White-Silver)|7,100.00
B00MXYQBRC|http://www.amazon.in/MICROMAX-CANVAS-XL2-A109-White/dp/B00MXYQBRC|http://ecx.images-amazon.com/images/I/41Em9KtucyL._AA160_.jpg|MICROMAX CANVAS XL2 A109 (White)|7,130.00
B00Q2HGF3Q|http://www.amazon.in/Microsoft-Lumia-535-Black-Dual/dp/B00Q2HGF3Q|http://ecx.images-amazon.com/images/I/41oNrpQ2USL._AA160_.jpg|Microsoft Lumia 535 (Black, Dual SIM)|7,130.00
B00LSPHFCC|http://www.amazon.in/Samsung-Galaxy-Core-2-White/dp/B00LSPHFCC|http://ecx.images-amazon.com/images/I/41nLnL5VIeL._AA160_.jpg|Samsung Galaxy Core 2 (White)|7,168.00
B00NV75FJ0|http://www.amazon.in/Celkon-Millennium-Vogue-Q455-Blue/dp/B00NV75FJ0|http://ecx.images-amazon.com/images/I/419wW6o%2BHaL._AA160_.jpg|Celkon Millennium Vogue Q455 (Blue)|7,175.00
B00JJGONVI|http://www.amazon.in/Lenovo-S660-Titanium/dp/B00JJGONVI|http://ecx.images-amazon.com/images/I/4165OH5STpL._AA160_.jpg|Lenovo S660 (Titanium)|7,189.00
B00KAYP3SA|http://www.amazon.in/XOLO-Q900T-Xolo-Black/dp/B00KAYP3SA|http://ecx.images-amazon.com/images/I/41xuBpUztHL._AA160_.jpg|Xolo Q900T (Black)|7,189.00
B00I0SM4PS|http://www.amazon.in/Sony-Xperia-E1-Single-White/dp/B00I0SM4PS|http://ecx.images-amazon.com/images/I/41c5xVsfnKL._AA160_.jpg|Sony Xperia E1 (Single SIM, White)|7,190.00
B00LA1JF0Y|http://www.amazon.in/Nokia-X2-Dual-core-1-2GHz-Black/dp/B00LA1JF0Y|http://ecx.images-amazon.com/images/I/51AYJRyAdyL._AA160_.jpg|Nokia X2, Dual-core 1.2GHz, Nokia X OS, Dual SIM (Black)|7,198.00
B00UMSU9GU|http://www.amazon.in/ZTE-V5-White/dp/B00UMSU9GU|http://ecx.images-amazon.com/images/I/41XBv4noizL._AA160_.jpg|ZTE V5 (White)|7,199.00
B00BEBS2RC|http://www.amazon.in/HTC-Explorer-A310E-Metallic-White/dp/B00BEBS2RC|http://ecx.images-amazon.com/images/I/41sXpXXshcL._AA160_.jpg|HTC Explorer A310E (Metallic White)|7,200.00
B00KAYOY3K|http://www.amazon.in/XOLO-Q700s-Xolo-Black/dp/B00KAYOY3K|http://ecx.images-amazon.com/images/I/41cnDKOSQjL._AA160_.jpg|Xolo Q700s (Black)|7,240.00
B00H7QO2SQ|http://www.amazon.in/Huawei-Y511-Ascend-Black/dp/B00H7QO2SQ|http://ecx.images-amazon.com/images/I/41w3fVUjXyL._AA160_.jpg|Huawei Ascend Y511 (Black)|7,280.35
B00JUZHVEO|http://www.amazon.in/Micromax-Canvas-Doodle-A102-Blue/dp/B00JUZHVEO|http://ecx.images-amazon.com/images/I/41NAP9x%2BBJL._AA160_.jpg|Micromax Canvas Doodle 3 A102 (Blue)|7,290.00
B00RE6APDA|http://www.amazon.in/IBALL-BABY-PANTHER-ANDI-4-5V/dp/B00RE6APDA|http://ecx.images-amazon.com/images/I/41ySBFMbybL._AA160_.jpg|IBALL BABY PANTHER ANDI 4.5V(BLACK+BLUE)|7,290.00
B00DQ7VZ9E|http://www.amazon.in/Intex-i5-Aqua-White/dp/B00DQ7VZ9E|http://ecx.images-amazon.com/images/I/41Vos-pMsKL._AA160_.jpg|Intex Aqua i5 (White)|7,299.00
B00GQY6T9A|http://www.amazon.in/Karbonn-A18-Black/dp/B00GQY6T9A|http://ecx.images-amazon.com/images/I/41QNXkyCEsL._AA160_.jpg|Karbonn A18+ (Black)|7,299.00
B00IEUJIWO|http://www.amazon.in/Lenovo-A600E-Black/dp/B00IEUJIWO|http://ecx.images-amazon.com/images/I/41IhBU2R2cL._AA160_.jpg|Lenovo A600E (Black)|7,299.00
B00JGMRDOE|http://www.amazon.in/Lenovo-S650-Silver/dp/B00JGMRDOE|http://ecx.images-amazon.com/images/I/513HMjwq-5L._AA160_.jpg|Lenovo S650 (Silver)|7,299.00
B00L464QG8|http://www.amazon.in/Micromax-Canvas-Win-W121-Luminous/dp/B00L464QG8|http://ecx.images-amazon.com/images/I/31YwqpvTsxL._AA160_.jpg|Micromax Canvas Win W121 (Luminous White)|7,344.00
B00N8N9NO0|http://www.amazon.in/Micromax-Canvas-Win-W121-White/dp/B00N8N9NO0|http://ecx.images-amazon.com/images/I/41GGhEq03jL._AA160_.jpg|Micromax Canvas Win W121 (White)|7,344.00
B00T4GLD16|http://www.amazon.in/Samsung-J100H-Galaxy-J1-White/dp/B00T4GLD16|http://ecx.images-amazon.com/images/I/4147F2pIRSL._AA160_.jpg|Samsung Galaxy J1 (White)|7,350.00
B00J2UW6VA|http://www.amazon.in/Huawei-%C2%A051059509-HUAWEI-Ascend-BLACK/dp/B00J2UW6VA|http://ecx.images-amazon.com/images/I/41BQz5CtvgL._AA160_.jpg|HUAWEI Ascend G730 (BLACK)|7,399.00
B00NV75OB4|http://www.amazon.in/Celkon-Millennium-Vogue-Q455-Black/dp/B00NV75OB4|http://ecx.images-amazon.com/images/I/41RM9pbE8jL._AA160_.jpg|Celkon Millennium Vogue Q455 (Black)|7,430.00
B00LA1J586|http://www.amazon.in/Nokia-X2-Dual-SIM-Green/dp/B00LA1J586|http://ecx.images-amazon.com/images/I/51C3vyNi7DL._AA160_.jpg|Nokia X2 (Dual SIM, Green)|7,431.00
B00W3IWX8Y|http://www.amazon.in/Intex-Aqua-Speed-Grey/dp/B00W3IWX8Y|http://ecx.images-amazon.com/images/I/415rSwZwCtL._AA160_.jpg|Intex Aqua Speed (Grey)|7,489.00
B00W3IX41E|http://www.amazon.in/Intex-Aqua-Speed-Coffee/dp/B00W3IX41E|http://ecx.images-amazon.com/images/I/41eE%2BEEstHL._AA160_.jpg|Intex Aqua Speed (Coffee)|7,489.00
B00TJUXQQM|http://www.amazon.in/smartphone-5inch-screen-internal-memory/dp/B00TJUXQQM|http://ecx.images-amazon.com/images/I/41gk2ScoXzL._AA160_.jpg|gaba smartphone A1 ,with 5inch qhd screen and 1gb ram ,8gb internal memory|7,495.00
B00P7HYLN8|http://www.amazon.in/Spice-Mi-526-Stellar-White-Silver/dp/B00P7HYLN8|http://ecx.images-amazon.com/images/I/41wM2r5-prL._AA160_.jpg|Spice Stellar Mi-526 (White-Silver)|7,498.00
B00LAQ41GW|http://www.amazon.in/XOLO-Q2000L-Xolo-White/dp/B00LAQ41GW|http://ecx.images-amazon.com/images/I/31%2Bjfu8ViLL._AA160_.jpg|Xolo Q2000L (White)|7,499.00
B00PK6FI5Q|http://www.amazon.in/Intex-Aqua-i5-Octa-Black/dp/B00PK6FI5Q|http://ecx.images-amazon.com/images/I/31KnB8EgJML._AA160_.jpg|Intex Aqua i5 Octa (Black)|7,499.00
B00QF746M0|http://www.amazon.in/Spice-Mi-520n-Black-Panels-Yellow/dp/B00QF746M0|http://ecx.images-amazon.com/images/I/31JnfQez8hL._AA160_.jpg|Spice Mi-520n (Black) with 3 Back Panels (Red, Yellow, White)|7,499.00
B00T03EH5M|http://www.amazon.in/Intex-Smart-Mobile-Phone-White/dp/B00T03EH5M|http://ecx.images-amazon.com/images/I/31ShrJnPZcL._AA160_.jpg|Intex Aqua I5 Octa Smart Mobile Phone (White)|7,499.00
B00TS2GD2K|http://www.amazon.in/Arya-Z3-Black/dp/B00TS2GD2K|http://ecx.images-amazon.com/images/I/41mrJmwVMCL._AA160_.jpg|Arya Z3 (Black)|7,499.00
B00L52O58A|http://www.amazon.in/Idea-Aurus-4-Alcatel/dp/B00L52O58A|http://ecx.images-amazon.com/images/I/31dWkppbsLL._AA160_.jpg|Alcatel Idea Aurus 4|7,500.00
B00MVUHKBE|http://www.amazon.in/Micromax-Canvas-Knight-A290-White-Gold/dp/B00MVUHKBE|http://ecx.images-amazon.com/images/I/41ENyxYZp8L._AA160_.jpg|Micromax Canvas Knight Cameo A290 (White-Gold)|7,500.00
B00N1S6CQE|http://www.amazon.in/XOLO-Q700s-Plus-Xolo-Q700S/dp/B00N1S6CQE|http://ecx.images-amazon.com/images/I/31%2BJse-DH4L._AA160_.jpg|Xolo Q700S Plus (Gold)|7,500.00
B00NIEVOVY|http://www.amazon.in/Lava-Iris-460-Black/dp/B00NIEVOVY|http://ecx.images-amazon.com/images/I/41ICs-z%2BwSL._AA160_.jpg|Lava Iris 460 (Black)|7,500.00
B00OB2AEO0|http://www.amazon.in/VOYAGER2-Smartphone-MTK6582-Android-Gesture/dp/B00OB2AEO0|http://ecx.images-amazon.com/images/I/41Fiy7KJk%2BL._AA160_.jpg|DOOGEE VOYAGER2 DG310 Quad Core 3G Smartphone w/ MTK6582 5.0 Inch 1GB+8GB Android 4.4 Wake Gesture OTG - Black|7,500.00
B00LA1JIXI|http://www.amazon.in/Nokia-X2-Dual-SIM-White/dp/B00LA1JIXI|http://ecx.images-amazon.com/images/I/51DnFB140kL._AA160_.jpg|Nokia X2 (Dual SIM, White)|7,507.00
B00N1P5KHO|http://www.amazon.in/Micromax-Canvas-Knight-Cameo-A290/dp/B00N1P5KHO|http://ecx.images-amazon.com/images/I/51ZONt9MvmL._AA160_.jpg|Micromax Canvas Knight Cameo A290(Black+Gold)|7,520.00
B00WJXJ33Q|http://www.amazon.in/Lava-Iris-Alfa-L-Black/dp/B00WJXJ33Q|http://ecx.images-amazon.com/images/I/41yBSgLeH2L._AA160_.jpg|Lava Iris Alfa L (Black)|7,549.00
B00WJXJDA4|http://www.amazon.in/Lava-Iris-Alfa-L-White/dp/B00WJXJDA4|http://ecx.images-amazon.com/images/I/31dEBcC0vKL._AA160_.jpg|Lava Iris Alfa L (White)|7,549.00
B00C96U972|http://www.amazon.in/Sony-Miro-Xperia-Black/dp/B00C96U972|http://ecx.images-amazon.com/images/I/4158EpkBK8L._AA160_.jpg|Sony Xperia Miro (Black)|7,599.00
B00WFY55MW|http://www.amazon.in/P4S-GIONEE-BLACK/dp/B00WFY55MW|http://ecx.images-amazon.com/images/I/21%2B0HGLrrVL._AA160_.jpg|GIONEE P4S BLACK|7,600.00
B00J06IKMK|http://www.amazon.in/Sony-Xperia-E1-Dual-Purple/dp/B00J06IKMK|http://ecx.images-amazon.com/images/I/21zjfe2x8GL._AA160_.jpg|Sony Xperia E1 (Dual SIM, Purple)|7,640.00
B00J06WWFQ|http://www.amazon.in/Sony-Xperia-E1-Dual-Black/dp/B00J06WWFQ|http://ecx.images-amazon.com/images/I/21zjfe2x8GL._AA160_.jpg|Sony Xperia E1 (Dual SIM, Black)|7,640.00
B00W3IX7AM|http://www.amazon.in/Intex-Aqua-Speed-White/dp/B00W3IX7AM|http://ecx.images-amazon.com/images/I/41pdiK3AfXL._AA160_.jpg|Intex Aqua Speed (White)|7,649.00
B00CUDFRV2|http://www.amazon.in/LG-Optimus-P-715-Black/dp/B00CUDFRV2|http://ecx.images-amazon.com/images/I/41kVmW0w3iL._AA160_.jpg|LG Optimus P 715 (Black)|7,650.50
B00Q2HGUH2|http://www.amazon.in/Microsoft-Lumia-535-Green-Dual/dp/B00Q2HGUH2|http://ecx.images-amazon.com/images/I/41Bm9LidggL._AA160_.jpg|Microsoft Lumia 535 (Green, Dual SIM)|7,699.00
B00V6HASZI|http://www.amazon.in/Intex-Aqua-Speed-Black/dp/B00V6HASZI|http://ecx.images-amazon.com/images/I/416N3vqVnYL._AA160_.jpg|Intex Aqua Speed (Black)|7,700.00
B00O3YF0FO|http://www.amazon.in/Intex-Power-Android-Kitkat-Mobile/dp/B00O3YF0FO|http://ecx.images-amazon.com/images/I/31ccdP079rL._AA160_.jpg|Intex Aqua Star Power Smart Android Kitkat Mobile phone - Black|7,750.00
B00LTUN476|http://www.amazon.in/Micromax-Canvas-Plus-A190-White/dp/B00LTUN476|http://ecx.images-amazon.com/images/I/51EbrIOWRtL._AA160_.jpg|Micromax Canvas HD Plus A190 (White)|7,777.00
B00UAAJV7S|http://www.amazon.in/Reach-Klassy-400HD-Smartphone/dp/B00UAAJV7S|http://ecx.images-amazon.com/images/I/21WkIC3NxML._AA160_.jpg|Reach Klassy 400HD Smartphone|7,777.00
B00GWBW11W|http://www.amazon.in/Lenovo-A850-Black/dp/B00GWBW11W|http://ecx.images-amazon.com/images/I/51CbZYX9LfL._AA160_.jpg|Lenovo A850 (Black)|7,799.00
B00JDAFJO0|http://www.amazon.in/XOLO-Q1010-DUAL-SIM-WHITE/dp/B00JDAFJO0|http://ecx.images-amazon.com/images/I/41eKrceKtCL._AA160_.jpg|XOLO Q1010 DUAL SIM (WHITE)|7,799.00
B00JRSW824|http://www.amazon.in/Lenovo-A859-White/dp/B00JRSW824|http://ecx.images-amazon.com/images/I/41shN20h3IL._AA160_.jpg|Lenovo A859 (White)|7,799.00
B00IDWLRIG|http://www.amazon.in/Intex-Aqua-N8-Black/dp/B00IDWLRIG|http://ecx.images-amazon.com/images/I/41iqdh0xErL._AA160_.jpg|Intex Aqua N8 (Black)|7,800.00
B00KNNETQA|http://www.amazon.in/Karbonn-Smart-A51-Plus-Black/dp/B00KNNETQA|http://ecx.images-amazon.com/images/I/41k3qk%2BhC6L._AA160_.jpg|Karbonn Smart A51 Plus (Black)|7,800.00
B00KNV2WH0|http://www.amazon.in/Gionee-Pioneer-P4-White/dp/B00KNV2WH0|http://ecx.images-amazon.com/images/I/512KPXKZ%2BNL._AA160_.jpg|Gionee Pioneer P4 (White)|7,800.00
B00EPZ1VWM|http://www.amazon.in/Micromax-Canvas-Fun-A76-Blue/dp/B00EPZ1VWM|http://ecx.images-amazon.com/images/I/41IypGzwmaL._AA160_.jpg|Micromax Canvas Fun A76 (Blue)|7,840.00
B00GWBW37E|http://www.amazon.in/Lenovo-A850-White/dp/B00GWBW37E|http://ecx.images-amazon.com/images/I/410hJHhZNwL._AA160_.jpg|Lenovo A850 (White)|7,849.00
B00TLP9IS0|http://www.amazon.in/Karbonn-s25-S25-Klick-Blue/dp/B00TLP9IS0|http://ecx.images-amazon.com/images/I/41pYLGH%2B92L._AA160_.jpg|Karbonn S25 Klick Blue|7,880.00
B00IKC6VQW|http://www.amazon.in/XOLO-A500-Club-Xolo-Black/dp/B00IKC6VQW|http://ecx.images-amazon.com/images/I/41GYyTG-DIL._AA160_.jpg|Xolo A500 Club (Black)|7,890.00
B00L459AT2|http://www.amazon.in/Lava-Iris-402e-Grey/dp/B00L459AT2|http://ecx.images-amazon.com/images/I/41pMyfV9wsL._AA160_.jpg|Lava Iris 402e (Grey)|7,890.00
B00QK3XFLM|http://www.amazon.in/Karbonn-Titanium-S25-klick-Blue/dp/B00QK3XFLM|http://ecx.images-amazon.com/images/I/419UKCfE4aL._AA160_.jpg|Karbonn Titanium S25 klick (Blue)|7,890.00
B00X19S4PK|http://www.amazon.in/iBall-Andi-Infinito-4000mAh-Battery/dp/B00X19S4PK|http://ecx.images-amazon.com/images/I/31vGZ6YWqbL._AA160_.jpg|iBall Andi 5F Infinito With 4000mAh Battery, 1GB RAM|7,890.00
B00GTWHRI6|http://www.amazon.in/Intex-Aqua-i6-White/dp/B00GTWHRI6|http://ecx.images-amazon.com/images/I/4146POdqriL._AA160_.jpg|Intex Aqua i6 (White)|7,899.00
B00RK429NK|http://www.amazon.in/Alcatel-J636d-CDMA-GSM-Smartphone/dp/B00RK429NK|http://ecx.images-amazon.com/images/I/41-yVv6tBiL._AA160_.jpg|Alcatel CDMA+GSM Smartphone|7,899.00
B00IKC6TSM|http://www.amazon.in/XOLO-A500-Club-Xolo-White/dp/B00IKC6TSM|http://ecx.images-amazon.com/images/I/51wxHRGDUaL._AA160_.jpg|Xolo A500 Club (White)|7,900.00
B00T9JG7PA|http://www.amazon.in/Intex-Aqua-Power-Smart-Mobile/dp/B00T9JG7PA|http://ecx.images-amazon.com/images/I/51Xkw4mQaRL._AA160_.jpg|Intex Aqua Power Smart Mobile Phone - (Grey)|7,949.00
B00K74QBQQ|http://www.amazon.in/HTC-Desire-210-White/dp/B00K74QBQQ|http://ecx.images-amazon.com/images/I/51uQMFufBUL._AA160_.jpg|HTC Desire 210 (White)|7,950.00
B00EOPJ76A|http://www.amazon.in/Nokia-625-Lumia-White/dp/B00EOPJ76A|http://ecx.images-amazon.com/images/I/514x6j8ynzL._AA160_.jpg|Nokia Lumia 625 (White)|7,975.00
B00P7LJWT2|http://www.amazon.in/Spice-Mi-524-Stellar-White/dp/B00P7LJWT2|http://ecx.images-amazon.com/images/I/31dCJb8FmjL._AA160_.jpg|Spice Stellar Mi-524 (White)|7,980.00
B00NOH4JB2|http://www.amazon.in/Lava-Iris-X5-Black/dp/B00NOH4JB2|http://ecx.images-amazon.com/images/I/41FW2zVnKJL._AA160_.jpg|Lava Iris X5 (Black)|7,989.00
B00NV76EXQ|http://www.amazon.in/Micromax-Canvas-Elanza-A121-White/dp/B00NV76EXQ|http://ecx.images-amazon.com/images/I/21CbRiNj-YL._AA160_.jpg|Micromax Canvas Elanza 2 A121 (White)|7,989.00
B00CM9VWWW|http://www.amazon.in/Spice-Stellar-Pinnacle-Mi-535-Brown/dp/B00CM9VWWW|http://ecx.images-amazon.com/images/I/51qCDBi3SnL._AA160_.jpg|Spice Stellar Pinnacle Pro Mi-535 (Brown)|7,990.00
B00DE9TL22|http://www.amazon.in/Micromax-Canvas-Music-A88-White/dp/B00DE9TL22|http://ecx.images-amazon.com/images/I/31YpryS0S-L._AA160_.jpg|Micromax Canvas Music A88 (White)|7,990.00
B00F21VZ7O|http://www.amazon.in/HTC-Desire-200-Single-BLACK/dp/B00F21VZ7O|http://ecx.images-amazon.com/images/I/41RnxmiH-LL._AA160_.jpg|Imported HTC Desire 200 - Single GSM - BLACK|7,990.00
B00L7QZZ56|http://www.amazon.in/Karbonn-Titanium-Octane-White/dp/B00L7QZZ56|http://ecx.images-amazon.com/images/I/51VmeFvioJL._AA160_.jpg|Karbonn Titanium Octane (White)|7,990.00
B00VZZGSEG|http://www.amazon.in/Vivo-Y15-BLACK/dp/B00VZZGSEG|http://ecx.images-amazon.com/images/I/51mPkU2i7IL._AA160_.jpg|Vivo Y15 BLACK|7,990.00
B00HRVRFI0|http://www.amazon.in/Nokia-Lumia-525-White/dp/B00HRVRFI0|http://ecx.images-amazon.com/images/I/41lne-iZ70L._AA160_.jpg|Nokia Lumia 525 (White)|7,995.00
B00TJUXPBS|http://www.amazon.in/fonepad-screen-inbuilt-calling-facility/dp/B00TJUXPBS|http://ecx.images-amazon.com/images/I/51h1tqiyMhL._AA160_.jpg|gaba fonepad 7inch screen (A90) inbuilt sim and 3g calling facility with 5mp camera|7,995.00
B007AOQOAE|http://www.amazon.in/Nokia-603-White/dp/B007AOQOAE|http://ecx.images-amazon.com/images/I/21OQdQ5GQCL._AA160_.jpg|Nokia 603 (White)|7,999.00
B00EM8MMFM|http://www.amazon.in/Sony-Xperia-Single-SIM-White/dp/B00EM8MMFM|http://ecx.images-amazon.com/images/I/41%2BHDeRzHzL._AA160_.jpg|Sony Xperia M (Single SIM, White)|7,999.00
B00FBNI84G|http://www.amazon.in/LG-Optimus-L7II-P713-Black/dp/B00FBNI84G|http://ecx.images-amazon.com/images/I/319fhW4FC5L._AA160_.jpg|LG Optimus L7II P713 (Black)|7,999.00
B00KGWK6L0|http://www.amazon.in/Micromax-Canvas-Turbo-A200-Black/dp/B00KGWK6L0|http://ecx.images-amazon.com/images/I/41kxvDaDAeL._AA160_.jpg|Micromax Canvas Turbo Mini A200 (Black)|7,999.00
B00KRF8JBA|http://www.amazon.in/Huawei-Y600-Ascend/dp/B00KRF8JBA|http://ecx.images-amazon.com/images/I/31lmUYvpAnL._AA160_.jpg|Huawei Ascend Y600|7,999.00
B00LV2OZ52|http://www.amazon.in/Karbonn-Opium-N9-Black/dp/B00LV2OZ52|http://ecx.images-amazon.com/images/I/41L7i9CoyvL._AA160_.jpg|Karbonn Opium N9 (Black)|7,999.00
B00PGQWIGM|http://www.amazon.in/Lava-Iris-Selfie-50-Black/dp/B00PGQWIGM|http://ecx.images-amazon.com/images/I/41ilUuF8W4L._AA160_.jpg|Lava Iris Selfie 50 (Black)|7,999.00
B00PZXDNVK|http://www.amazon.in/Lava-X5-Iris-White/dp/B00PZXDNVK|http://ecx.images-amazon.com/images/I/41KVZ0Br39L._AA160_.jpg|Lava Iris X5 (White)|7,999.00
B00SXYH7L0|http://www.amazon.in/Lava-Iris-X5-Black/dp/B00SXYH7L0|http://ecx.images-amazon.com/images/I/41yOtPlO-xL._AA160_.jpg|Lava Iris X5 (Black)|7,999.00
B00T9KGO66|http://www.amazon.in/Intex-Power-Smart-Mobile-Phone/dp/B00T9KGO66|http://ecx.images-amazon.com/images/I/41kRTbn-eiL._AA160_.jpg|Intex Aqua Power Smart Mobile Phone - (White)|7,999.00
B00VRLF9Z2|http://www.amazon.in/Lava-Iris-X8-White-1GB/dp/B00VRLF9Z2|http://ecx.images-amazon.com/images/I/31gDX0OKgBL._AA160_.jpg|Lava Iris X8 (White, 1GB RAM, 8GB)|7,999.00
B00H93MVK8|http://www.amazon.in/ZTE-Grand-Quad-Lite-V967S/dp/B00H93MVK8|http://ecx.images-amazon.com/images/I/41v6nfx0WsL._AA160_.jpg|ZTE Grand X Quad Lite V967S (Blue)|8,000.00
B00IXD0B8W|http://www.amazon.in/Nokia-XL-Black-Dual-SIM/dp/B00IXD0B8W|http://ecx.images-amazon.com/images/I/41AHMYJVCmL._AA160_.jpg|Nokia XL (Black, Dual SIM)|8,000.00
B00JFOQJUM|http://www.amazon.in/LG-L70-Dual-D325-Black/dp/B00JFOQJUM|http://ecx.images-amazon.com/images/I/41CFi3lCHlL._AA160_.jpg|LG L70 Dual D325 (Black)|8,098.00
B00JDHXH6A|http://www.amazon.in/HTC-Desire-310-Arctic-White/dp/B00JDHXH6A|http://ecx.images-amazon.com/images/I/51jxaY%2BXuEL._AA160_.jpg|HTC Desire 310 Dual Sim (Arctic White)|8,099.00
B00JHKYLC2|http://www.amazon.in/HTC-Desire-Dual-Matte-Blue/dp/B00JHKYLC2|http://ecx.images-amazon.com/images/I/51HHQphCeJL._AA160_.jpg|HTC Desire 310 Dual (Matte Blue)|8,099.00
B00R12CCU6|http://www.amazon.in/XOLO-Omega-5-5-Xolo-Black/dp/B00R12CCU6|http://ecx.images-amazon.com/images/I/51KUoD41I%2BL._AA160_.jpg|Xolo Omega 5.5 (Black)|8,099.00
B00X177ET4|http://www.amazon.in/iball-Andi-Xotic-2GB-RAM/dp/B00X177ET4|http://ecx.images-amazon.com/images/I/41BkvA4CKuL._AA160_.jpg|iball Andi 5M Xotic With 2GB RAM|8,100.00
B00R5UCZGU|http://www.amazon.in/Intex-Power-Smart-Mobile-Phone/dp/B00R5UCZGU|http://ecx.images-amazon.com/images/I/31zNCiX61tL._AA160_.jpg|Intex Aqua Power Smart Mobile Phone - (Blue)|8,199.00
B00NOOVZXU|http://www.amazon.in/ULTRA-PLUS-SMARTPHONE-ALCATEL-LEATHER/dp/B00NOOVZXU|http://ecx.images-amazon.com/images/I/316iZFvZMnL._AA160_.jpg|IDEA ULTRA PLUS 3G SMARTPHONE (ALCATEL)-BLACK LEATHER|8,200.00
B00JQB6UZ8|http://www.amazon.in/Gionee-Pioneer-P4-Black/dp/B00JQB6UZ8|http://ecx.images-amazon.com/images/I/31KxdxqohvL._AA160_.jpg|Gionee Pioneer P4 (Black)|8,225.00
B00THHK0NO|http://www.amazon.in/GIONEE-PIONEER-P6-COLOR-GREY/dp/B00THHK0NO|http://ecx.images-amazon.com/images/I/41m%2BMOFwxmL._AA160_.jpg|GIONEE PIONEER P6 COLOR - GREY|8,250.00
B00VRLF1D2|http://www.amazon.in/Lava-Iris-X8-Black-1GB/dp/B00VRLF1D2|http://ecx.images-amazon.com/images/I/41Chbq6XBiL._AA160_.jpg|Lava Iris X8 (Black, 1GB RAM, 8GB)|8,279.00
B00VZU8F42|http://www.amazon.in/Intex-Aqua-Speed-HD-Champagne/dp/B00VZU8F42|http://ecx.images-amazon.com/images/I/41PExqBXqVL._AA160_.jpg|Intex Aqua Speed HD - White Champagne|8,299.00
B00W50XNMA|http://www.amazon.in/Intex-Aqua-Speed-HD-Silver/dp/B00W50XNMA|http://ecx.images-amazon.com/images/I/412sef0-MCL._AA160_.jpg|Intex Aqua Speed HD - Silver|8,299.00
B00QISH3E4|http://www.amazon.in/Samsung-Galaxy-Prime-SM-G360-White/dp/B00QISH3E4|http://ecx.images-amazon.com/images/I/31ENeY0FIIL._AA160_.jpg|Samsung Galaxy Core Prime SM-G360 (White)|8,350.00
B00PZWOD42|http://www.amazon.in/Panasonic-Eluga-I-Black/dp/B00PZWOD42|http://ecx.images-amazon.com/images/I/414%2BBD8FqfL._AA160_.jpg|Panasonic Eluga I (Black)|8,365.00
B00NLAFZWO|http://www.amazon.in/Sony-Xperia-E3-Single-White/dp/B00NLAFZWO|http://ecx.images-amazon.com/images/I/41BOG-IZT6L._AA160_.jpg|Sony Xperia E3 (Single SIM, White)|8,393.00
B00JEDSFGU|http://www.amazon.in/LG-L70-DUAL-D325-White/dp/B00JEDSFGU|http://ecx.images-amazon.com/images/I/41JQOQKib9L._AA160_.jpg|LG L70 DUAL D325 (White)|8,399.00
B00N2HKX9G|http://www.amazon.in/iBall-Andi-cobalt3-octa-core/dp/B00N2HKX9G|http://ecx.images-amazon.com/images/I/51SztS0iCBL._AA160_.jpg|iBall Andi cobalt3 with octa core|8,400.00
B00LTVTEIS|http://www.amazon.in/Panasonic-T41-Mobile-Phone-Pearl/dp/B00LTVTEIS|http://ecx.images-amazon.com/images/I/31lBzNOuLIL._AA160_.jpg|Panasonic T41 Mobile Phone (Pearl White)|8,450.00
B00HNJCT2I|http://www.amazon.in/Karbonn-Titanium-S4-Black/dp/B00HNJCT2I|http://ecx.images-amazon.com/images/I/41Ej-yaXNzL._AA160_.jpg|Karbonn Titanium S4 (Black)|8,498.00
B00IZ7K65E|http://www.amazon.in/Lava-Iris-404E-404e-Black/dp/B00IZ7K65E|http://ecx.images-amazon.com/images/I/41DmmNIV0HL._AA160_.jpg|Lava Iris 404e (Black)|8,590.00
B00M2UN8BE|http://www.amazon.in/XOLO-Xolo-Q900s-Black-Anroid-Kikat/dp/B00M2UN8BE|http://ecx.images-amazon.com/images/I/41IK2HLQvbL._AA160_.jpg|Xolo Q900s Black|8,590.00
B00P7VE0CG|http://www.amazon.in/ZTE-BLADE-L2-Blade-SmartPhone/dp/B00P7VE0CG|http://ecx.images-amazon.com/images/I/41vmvwEOz7L._AA160_.jpg|ZTE Blade L2 SmartPhone|8,600.00
B00L7TBT0I|http://www.amazon.in/Karbonn-Titanium-S9-Lite-White/dp/B00L7TBT0I|http://ecx.images-amazon.com/images/I/41FiL0dBZLL._AA160_.jpg|Karbonn Titanium S9 Lite (White)|8,633.00
B00CL4I3YI|http://www.amazon.in/Samsung-Galaxy-GT-S6312-Metallic-Silver/dp/B00CL4I3YI|http://ecx.images-amazon.com/images/I/41XxaYavwRL._AA160_.jpg|Samsung Galaxy Young GT-S6312 (Metallic Silver)|8,635.00
B00ENC9JGM|http://www.amazon.in/Karbonn-A29-Karbonn%C2%A0A29-Black/dp/B00ENC9JGM|http://ecx.images-amazon.com/images/I/41QsTMzWBPL._AA160_.jpg|KarbonnA29 (Black)|8,650.00
B00PZYNPHG|http://www.amazon.in/Xolo-Q1020-Mobile-Phone-White/dp/B00PZYNPHG|http://ecx.images-amazon.com/images/I/51QitG-6k-L._AA160_.jpg|"Xolo Q1020 Mobile Phone | White"|8,739.00
B00L1XKIZW|http://www.amazon.in/LG-L80-Dual-D380-Black/dp/B00L1XKIZW|http://ecx.images-amazon.com/images/I/415p4-Dlv%2BL._AA160_.jpg|LG L80 Dual D380 (Black)|8,750.00
B00L7QTIY0|http://www.amazon.in/Karbonn-A93-White/dp/B00L7QTIY0|http://ecx.images-amazon.com/images/I/41aEqGxvGPL._AA160_.jpg|Karbonn A93 (White)|8,750.00
B00SH58PK2|http://www.amazon.in/Gionee-Pioneer-P6-P6-White/dp/B00SH58PK2|http://ecx.images-amazon.com/images/I/41D9g3WreLL._AA160_.jpg|Gionee Pioneer P6-White|8,750.00
B00WO4IG5G|http://www.amazon.in/Intex-Desire-Smart-Mobile-Phone/dp/B00WO4IG5G|http://ecx.images-amazon.com/images/I/31788NUi81L._AA160_.jpg|Intex Aqua Desire HD Smart Mobile Phone - (Blue)|8,789.00
B008RIPSXQ|http://www.amazon.in/Sony-Xperia-NEO-L-Black/dp/B008RIPSXQ|http://ecx.images-amazon.com/images/I/31J-lNCBfgL._AA160_.jpg|Sony Xperia NEO L (Black)|8,799.00
B00OHEF02I|http://www.amazon.in/LG-LG-D295-LG-295-FINO-BLACK-TITAN/dp/B00OHEF02I|http://ecx.images-amazon.com/images/I/41DAbbLn0vL._AA160_.jpg|LG-295 L FINO (BLACK-TITAN)|8,799.00
B00CE2LO8Y|http://www.amazon.in/Nokia-Lumia-520-Black/dp/B00CE2LO8Y|http://ecx.images-amazon.com/images/I/51tLrm0bZ1L._AA160_.jpg|Nokia Lumia 520 (Black)|8,800.00
B00H7QO524|http://www.amazon.in/Huawei-G610-Ascend-White/dp/B00H7QO524|http://ecx.images-amazon.com/images/I/516gJEDd-CL._AA160_.jpg|Huawei Ascend G610 (White)|8,800.00
B00LA1J9B4|http://www.amazon.in/Nokia-X2-Dual-SIM-Orange/dp/B00LA1J9B4|http://ecx.images-amazon.com/images/I/513HVPuVMKL._AA160_.jpg|Nokia X2 (Dual SIM, Orange)|8,800.00
B00S15H66W|http://www.amazon.in/Samsung-Galaxy-Prime-SM-G360-Charcoal/dp/B00S15H66W|http://ecx.images-amazon.com/images/I/41Lp56kDN7L._AA160_.jpg|Samsung Galaxy Core Prime SM-G360 (Charcoal Grey)|8,875.00
B00JSS3ATI|http://www.amazon.in/LAVA-IRIS-PRO20-SILVER-BLUE/dp/B00JSS3ATI|http://ecx.images-amazon.com/images/I/41DxvdUlxML._AA160_.jpg|LAVA IRIS PRO20 (SILVER+BLUE)|8,880.00
B00LTPBCRU|http://www.amazon.in/OPPO-Digital-R831-Neo-White/dp/B00LTPBCRU|http://ecx.images-amazon.com/images/I/41ykiS0VLcL._AA160_.jpg|OPPO Neo R831 (White)|8,899.00
B00M3RILJU|http://www.amazon.in/Gionee-M2-Black-8GB/dp/B00M3RILJU|http://ecx.images-amazon.com/images/I/41FC46aw-HL._AA160_.jpg|Gionee M2 (Black, 8GB)|8,899.00
B00G3YYC10|http://www.amazon.in/Karbonn-A35-Black-Silver/dp/B00G3YYC10|http://ecx.images-amazon.com/images/I/31OXtjNqT0L._AA160_.jpg|Karbonn A35 (Black-Silver)|8,900.00
B00L7QTGDI|http://www.amazon.in/Karbonn-A93-Black/dp/B00L7QTGDI|http://ecx.images-amazon.com/images/I/51s6ACby2WL._AA160_.jpg|Karbonn A93 (Black)|8,900.00
B00UD4H4NO|http://www.amazon.in/Karbonn-Titanium-MachTwo-Black-Blue/dp/B00UD4H4NO|http://ecx.images-amazon.com/images/I/41WcEmvPIBL._AA160_.jpg|Karbonn Titanium MachTwo Black Blue|8,909.00
B00TO4NZY6|http://www.amazon.in/Samsung-Galaxy-Prime-SM-G360-Silver/dp/B00TO4NZY6|http://ecx.images-amazon.com/images/I/41DKQgeHTaL._AA160_.jpg|Samsung Galaxy Core Prime SM-G360 (Silver)|8,930.00
B00PZVSWJ0|http://www.amazon.in/Panasonic-Eluga-I-Silver/dp/B00PZVSWJ0|http://ecx.images-amazon.com/images/I/41uHUZ9bvEL._AA160_.jpg|Panasonic Eluga I (Silver)|8,989.00
B00HRUQ2L2|http://www.amazon.in/Nokia-Lumia-525-Black/dp/B00HRUQ2L2|http://ecx.images-amazon.com/images/I/51XTY3d8BYL._AA160_.jpg|Nokia Lumia 525 (Black)|8,990.00
B00L7QZX9Y|http://www.amazon.in/Karbonn-Titanium-Octane-Black/dp/B00L7QZX9Y|http://ecx.images-amazon.com/images/I/41CwJVUXzFL._AA160_.jpg|Karbonn Titanium Octane (Black)|8,990.00
B00MNIMFQ4|http://www.amazon.in/OPPO-Digital-Oppo-R831K-Grey/dp/B00MNIMFQ4|http://ecx.images-amazon.com/images/I/41lg5QvVlQL._AA160_.jpg|Oppo R831K Neo3 Grey|8,990.00
B00CEQJ9Z0|http://www.amazon.in/Salora-Z1-PowerMaxx-Black/dp/B00CEQJ9Z0|http://ecx.images-amazon.com/images/I/41HhE4IrKbL._AA160_.jpg|Salora PowerMaxx Z1 (Black)|8,999.00
B00FOJC8TI|http://www.amazon.in/Panasonic-T11-White/dp/B00FOJC8TI|http://ecx.images-amazon.com/images/I/31RBMHBR-XL._AA160_.jpg|Panasonic T11 (White)|8,999.00
B00GHACYXI|http://www.amazon.in/XOLO-A600-Xolo-White/dp/B00GHACYXI|http://ecx.images-amazon.com/images/I/41MYnmqIWwL._AA160_.jpg|Xolo A600 (White)|8,999.00
B00JFRBPF8|http://www.amazon.in/XOLO-Q2500-Xolo-Black/dp/B00JFRBPF8|http://ecx.images-amazon.com/images/I/41UVmBs7O%2BL._AA160_.jpg|Xolo Q2500 (Black)|8,999.00
B00LD7KBYY|http://www.amazon.in/Fly-F451s-Grey/dp/B00LD7KBYY|http://ecx.images-amazon.com/images/I/41bwEW8eqvL._AA160_.jpg|Fly F451s (Grey)|8,999.00
B00R659KZ8|http://www.amazon.in/YU-Yureka-Moondust-Grey-Registration/dp/B00R659KZ8|http://ecx.images-amazon.com/images/I/41f8mU3SonL._AA160_.jpg|YU Yureka (Moondust Grey) - By Registration Only|8,999.00
B00M3RIOJW|http://www.amazon.in/Gionee-M2-White-8GB/dp/B00M3RIOJW|http://ecx.images-amazon.com/images/I/41F-vNV9%2BQL._AA160_.jpg|Gionee M2 (White, 8GB)|9,036.00
B00LC0E544|http://www.amazon.in/HTC-Desire-516-Dual-Dark/dp/B00LC0E544|http://ecx.images-amazon.com/images/I/51ekqKbsTuL._AA160_.jpg|HTC Desire 516 (Dual SIM, Dark Grey)|9,080.00
B00JC3LV8Q|http://www.amazon.in/iBall-Andi-5T-Cobalt-Black/dp/B00JC3LV8Q|http://ecx.images-amazon.com/images/I/311JtAKZe8L._AA160_.jpg|iBall Andi 5T Cobalt 2 (Black)|9,100.00
B00VWO0ZHQ|http://www.amazon.in/Microsoft-Lumia-535-Orange/dp/B00VWO0ZHQ|http://ecx.images-amazon.com/images/I/51olLm0Yy4L._AA160_.jpg|Microsoft Lumia 535 Orange|9,200.00
B00RO716C8|http://www.amazon.in/Intex-Aqua-Power/dp/B00RO716C8|http://ecx.images-amazon.com/images/I/31U3aRmM4iL._AA160_.jpg|Intex Aqua Power|9,290.00
B00VRLES68|http://www.amazon.in/Lava-Iris-X8-White-16GB/dp/B00VRLES68|http://ecx.images-amazon.com/images/I/41A7MU1YBaL._AA160_.jpg|Lava Iris X8 (White, 2GB RAM, 16GB)|9,300.00
B00871XZTC|http://www.amazon.in/BlackBerry-9320-Curve-Black/dp/B00871XZTC|http://ecx.images-amazon.com/images/I/31prBWokg1L._AA160_.jpg|BlackBerry Curve 9320 (Black)|9,319.00
B00LOBK6XA|http://www.amazon.in/Asus-Zenfone-A501CG-Black-16GB/dp/B00LOBK6XA|http://ecx.images-amazon.com/images/I/41DpteuwlOL._AA160_.jpg|Asus Zenfone 5 A501CG (Black, 16GB)|9,387.00
B00PCDEZX8|http://www.amazon.in/Intex-Aqua-Amaze-Android-SmartPhone/dp/B00PCDEZX8|http://ecx.images-amazon.com/images/I/31Vgg-OG6hL._AA160_.jpg|New Intex Aqua Amaze Dual Sim Android SmartPhone|9,400.00
B00NFY41GW|http://www.amazon.in/Karbonn-Titanium-Octane-Plus-White/dp/B00NFY41GW|http://ecx.images-amazon.com/images/I/41qHHpGCHnL._AA160_.jpg|Karbonn Titanium Octane Plus White|9,479.00
B00S2CWL7S|http://www.amazon.in/Intex-i5-Octa/dp/B00S2CWL7S|http://ecx.images-amazon.com/images/I/3155a%2Bq1IVL._AA160_.jpg|Intex i5 Octa|9,490.00
B00RJVSKLE|http://www.amazon.in/Vivo-Y22-VIVO/dp/B00RJVSKLE|http://ecx.images-amazon.com/images/I/414RFEGDaNL._AA160_.jpg|VIVO|9,499.00
B00E19N5IK|http://www.amazon.in/Lava-X910-Xolo-Black/dp/B00E19N5IK|http://ecx.images-amazon.com/images/I/41E76nfV7YL._AA160_.jpg|Xolo X910 (Black)|9,500.00
B00K6A47AI|http://www.amazon.in/HTC-Desire-310-Dual-Blue/dp/B00K6A47AI|http://ecx.images-amazon.com/images/I/41Jqz8POeTL._AA160_.jpg|HTC Desire 310 (Dual SIM, 1GB RAM, Blue)|9,500.00
B00KNXYIMU|http://www.amazon.in/Nokia-XL-Orange-Dual-SIM/dp/B00KNXYIMU|http://ecx.images-amazon.com/images/I/314QZKvMSML._AA160_.jpg|Nokia XL (Orange, Dual SIM)|9,500.00
B00CE2LQSW|http://www.amazon.in/Nokia-Lumia-520-White/dp/B00CE2LQSW|http://ecx.images-amazon.com/images/I/41yqI-gtbhL._AA160_.jpg|Nokia Lumia 520 (White)|9,518.00
B00PQHZ4CQ|http://www.amazon.in/Panasonic-Eluga-S-Black/dp/B00PQHZ4CQ|http://ecx.images-amazon.com/images/I/31JvKEyCRVL._AA160_.jpg|Panasonic Eluga S (Black)|9,588.00
B00M2VPA5U|http://www.amazon.in/Lenovo-S850-Dark-Blue/dp/B00M2VPA5U|http://ecx.images-amazon.com/images/I/413w8rpBUdL._AA160_.jpg|Lenovo S850 (Dark Blue)|9,599.00
B00NONEOL6|http://www.amazon.in/Alcatel-Idea-Ultra-FULL-WHITE/dp/B00NONEOL6|http://ecx.images-amazon.com/images/I/41eeibtsCGL._AA160_.jpg|Alcatel Idea Ultra II (FULL WHITE)|9,599.00
B00PVWNLXA|http://www.amazon.in/Celkon-Millennium-Ultra-Q500-White/dp/B00PVWNLXA|http://ecx.images-amazon.com/images/I/51eev17tsfL._AA160_.jpg|Celkon Millennium Ultra Q500 (White)|9,630.00
B00SV7ABS0|http://www.amazon.in/Panasonic-Eluga-S-White/dp/B00SV7ABS0|http://ecx.images-amazon.com/images/I/411%2BnHw8nvL._AA160_.jpg|Panasonic Eluga S (White)|9,640.00
B00L0YFXVQ|http://www.amazon.in/Nokia-Lumia-630-Single-Black/dp/B00L0YFXVQ|http://ecx.images-amazon.com/images/I/51e0XQ6cXKL._AA160_.jpg|Nokia Lumia 630 (Single SIM, Black)|9,649.00
B00T5WH2C8|http://www.amazon.in/Samsung-Galaxy-Grand-GT-I9060I-Midnight/dp/B00T5WH2C8|http://ecx.images-amazon.com/images/I/51bMAG4vH-L._AA160_.jpg|Samsung Galaxy Grand Neo Plus GT-I9060I (Midnight Black)|9,689.00
B00LVQ5CF0|http://www.amazon.in/Lava-X604-Magnum-White/dp/B00LVQ5CF0|http://ecx.images-amazon.com/images/I/41756a-IejL._AA160_.jpg|Lava Magnum X604 (White)|9,749.00
B00FMVDLTO|http://www.amazon.in/Gionee-Gpad-G3-White/dp/B00FMVDLTO|http://ecx.images-amazon.com/images/I/41B50ju0dBL._AA160_.jpg|Gionee Gpad G3 (White)|9,750.00
B00FMVIZZY|http://www.amazon.in/Gionee-Gpad-G3-Black/dp/B00FMVIZZY|http://ecx.images-amazon.com/images/I/41Cf2xNewFL._AA160_.jpg|Gionee Gpad G3 (Black)|9,750.00
B00EDA6EXA|http://www.amazon.in/Karbonn-A10-Smart-Black/dp/B00EDA6EXA|http://ecx.images-amazon.com/images/I/41laLPIH7gL._AA160_.jpg|Karbonn Smart A10 (Black)|9,800.00
B00EN9K2BG|http://www.amazon.in/Karbonn-A26-Smart-White-Silver/dp/B00EN9K2BG|http://ecx.images-amazon.com/images/I/51B9uJdJK0L._AA160_.jpg|Karbonn Smart A26 (White-Silver)|9,800.00
B00HLYABWU|http://www.amazon.in/Karbonn-Smart-A35-White-Silver/dp/B00HLYABWU|http://ecx.images-amazon.com/images/I/31IrCQGxV9L._AA160_.jpg|Karbonn Smart A35 (White+Silver)|9,800.00
B00JYEOQRG|http://www.amazon.in/Gionee-M2-White-4GB/dp/B00JYEOQRG|http://ecx.images-amazon.com/images/I/41BIfVcYFNL._AA160_.jpg|Gionee M2 (White, 4GB)|9,800.00
B00KMO2NOK|http://www.amazon.in/Karbonn-karbonn-a19-White-Silver/dp/B00KMO2NOK|http://ecx.images-amazon.com/images/I/31bIn20Mz7L._AA160_.jpg|Karbonn A19 (White+Silver)|9,800.00
B00KVD8HS8|http://www.amazon.in/Lava-Iris-406Q-Black/dp/B00KVD8HS8|http://ecx.images-amazon.com/images/I/41z0Zy42K%2BL._AA160_.jpg|Lava Iris 406Q (Black)|9,800.00
B00L2AV9VQ|http://www.amazon.in/XOLO-A500-Club-Xolo-Blue/dp/B00L2AV9VQ|http://ecx.images-amazon.com/images/I/41aXRoH3UeL._AA160_.jpg|Xolo A500 Club (Blue)|9,800.00
B00L7OE83I|http://www.amazon.in/Karbonn-A101-Black/dp/B00L7OE83I|http://ecx.images-amazon.com/images/I/51s6ACby2WL._AA160_.jpg|Karbonn A101 (Black)|9,800.00
B00LA1IUPK|http://www.amazon.in/Karbonn-Titanium-S99-Black/dp/B00LA1IUPK|http://ecx.images-amazon.com/images/I/513Sqe2GOhL._AA160_.jpg|Karbonn Titanium S99 (Black)|9,800.00
B00NLAFNLW|http://www.amazon.in/Sony-Xperia-E3-Dual-Black/dp/B00NLAFNLW|http://ecx.images-amazon.com/images/I/41wenpfoHSL._AA160_.jpg|Sony Xperia E3 (Dual SIM, Black)|9,800.00
B00OQ8OPGC|http://www.amazon.in/Intex-Star-HD-Mobile--Grey-Champagne/dp/B00OQ8OPGC|http://ecx.images-amazon.com/images/I/21vytII3tjL._AA160_.jpg|Intex Aqua Star HD Mobile -Grey-Champagne|9,800.00
B00WR0C8PQ|http://www.amazon.in/Intex-Aqua-Dream-Smart-Phone/dp/B00WR0C8PQ|http://ecx.images-amazon.com/images/I/515TgPyfDEL._AA160_.jpg|Intex Aqua Dream Smart Phone - (Champagne)|9,839.00
B00LVQ5JZI|http://www.amazon.in/Lava-X604-Magnum-Brown/dp/B00LVQ5JZI|http://ecx.images-amazon.com/images/I/41Frhfr%2BUXL._AA160_.jpg|Lava Magnum X604 (Brown)|9,849.00
B00KFYDU1M|http://www.amazon.in/Karbonn-A25-Plus-Black/dp/B00KFYDU1M|http://ecx.images-amazon.com/images/I/41w%2BMN5si4L._AA160_.jpg|Karbonn A25 Plus (Black)|9,850.00
B00K1Y84CQ|http://www.amazon.in/Karbonn-Titanium-S1-Plus-Black/dp/B00K1Y84CQ|http://ecx.images-amazon.com/images/I/41HOrxFGXiL._AA160_.jpg|Karbonn Titanium S1 Plus (Black)|9,900.00
B00K6NMC0W|http://www.amazon.in/XOLO-A600-Xolo-Blue/dp/B00K6NMC0W|http://ecx.images-amazon.com/images/I/31L0EuzSlmL._AA160_.jpg|Xolo A600 (Blue)|9,900.00
B00X6YTJ4U|http://www.amazon.in/Lenovo-A5000-Black/dp/B00X6YTJ4U|http://ecx.images-amazon.com/images/I/51EvCZSNDhL._AA160_.jpg|Lenovo A5000 (Black)|9,900.00
B00X6YTXUK|http://www.amazon.in/Lenovo-A5000-White/dp/B00X6YTXUK|http://ecx.images-amazon.com/images/I/51z9hUlEthL._AA160_.jpg|Lenovo A5000 (White)|9,900.00
B00R5Z8PNM|http://www.amazon.in/Jive-Pro/dp/B00R5Z8PNM|http://ecx.images-amazon.com/images/I/51eDqAvcWCL._AA160_.jpg|Jive Pro+|9,948.00
B00L1XKO9M|http://www.amazon.in/LG-L80-Dual-D380-White/dp/B00L1XKO9M|http://ecx.images-amazon.com/images/I/51VZId8TTOL._AA160_.jpg|LG L80 Dual D380 (White)|9,989.00
B00VWP1KTM|http://www.amazon.in/Intex-Aqua-Dream-Smart-Phone/dp/B00VWP1KTM|http://ecx.images-amazon.com/images/I/51WX3skIuFL._AA160_.jpg|Intex Aqua Dream Smart Phone - (Black)|9,989.00
B00WR0GC12|http://www.amazon.in/Intex-Aqua-Dream-Smart-Phone/dp/B00WR0GC12|http://ecx.images-amazon.com/images/I/51AtzKth6XL._AA160_.jpg|Intex Aqua Dream Smart Phone - (White)|9,989.00
B008RIPN54|http://www.amazon.in/Sony-Xperia-NEO-L-White/dp/B008RIPN54|http://ecx.images-amazon.com/images/I/41HlZ3%2B24cL._AA160_.jpg|Sony Xperia NEO L (White)|9,990.00
B00PINMBK6|http://www.amazon.in/Panasonic-P55-Pearl-White/dp/B00PINMBK6|http://ecx.images-amazon.com/images/I/41sRFP9YtOL._AA160_.jpg|Panasonic P55 (Pearl White)|9,990.00
B00T4D9SKW|http://www.amazon.in/Samsung-Galaxy-Grand-Plus-Gold/dp/B00T4D9SKW|http://ecx.images-amazon.com/images/I/31YAaIDMGgL._AA160_.jpg|Samsung Galaxy Grand Neo Plus (Gold)|9,990.00
B00UZ0085W|http://www.amazon.in/Auxus-RIST-SMARTWATCH-ANDROID-WATERPROOF/dp/B00UZ0085W|http://ecx.images-amazon.com/images/I/41kbEnnvUWL._AA160_.jpg|Auxus RIST - SMARTWATCH MOBILE 3G SIM GPS CAMERA ANDROID WATERPROOF|9,990.00
B00VRPAWFA|http://www.amazon.in/Samsung-Galaxy-Grand-GT-I9060I-White/dp/B00VRPAWFA|http://ecx.images-amazon.com/images/I/41yi0hIHJGL._AA160_.jpg|Samsung Galaxy Grand Neo Plus GT-I9060I (White)|9,990.00
B00TJUXTYG|http://www.amazon.in/smartphone-thickness-slimmest-inbuilt-gesture/dp/B00TJUXTYG|http://ecx.images-amazon.com/images/I/31U9TcAhuKL._AA160_.jpg|gaba smartphone A5, 5.5 inch hd screen,5.5mm thickness(world second slimmest phone) 1gb ram with 8gb inbuilt memory...|9,995.00
B0096YMUUE|http://www.amazon.in/Sony-Xperia-Tipo-ST21i-Navy/dp/B0096YMUUE|http://ecx.images-amazon.com/images/I/41spQ9slHeL._AA160_.jpg|Sony Xperia Tipo ST21i (Navy Blue)|9,999.00
B00EF101GI|http://www.amazon.in/XOLO-Q1000-Xolo-Black/dp/B00EF101GI|http://ecx.images-amazon.com/images/I/41Ca5O5VjEL._AA160_.jpg|Xolo Q1000 (Black)|9,999.00
B00G9Y9H6O|http://www.amazon.in/Lenovo-S820-Red-8GB/dp/B00G9Y9H6O|http://ecx.images-amazon.com/images/I/410LtisMJoL._AA160_.jpg|Lenovo S820 (Red, 8GB)|9,999.00
B00KAYORX2|http://www.amazon.in/XOLO-Q700s-Xolo-Blue/dp/B00KAYORX2|http://ecx.images-amazon.com/images/I/21qXc86O-JL._AA160_.jpg|Xolo Q700s (Blue)|9,999.00
B00NZYU7P6|http://www.amazon.in/Gionee-v4s-gionee/dp/B00NZYU7P6|http://ecx.images-amazon.com/images/I/51YM-2j-ogL._AA160_.jpg|gionee v4s|9,999.00
B00SB8ONCE|http://www.amazon.in/ELEPHONE-P6000-MTK6732-Mobile-Smartphone/dp/B00SB8ONCE|http://ecx.images-amazon.com/images/I/41VA3li-xIL._AA160_.jpg|ELEPHONE P6000 MTK6732 4G 64bit,2G+16G,13MP, 5.0'HD OGS Mobile Phone Smartphone (White)|9,999.00
B00UTKPKHY|http://www.amazon.in/Micromax-Canvas-Juice-AQ5001-Silver/dp/B00UTKPKHY|http://ecx.images-amazon.com/images/I/31n%2B9YEXxSL._AA160_.jpg|Micromax Canvas Juice 2 AQ5001 (Silver)|9,999.00
B00VEB0N6A|http://www.amazon.in/Mi-Redmi-Note-4G-White/dp/B00VEB0N6A|http://ecx.images-amazon.com/images/I/41mENUJoXxL._AA160_.jpg|Redmi Note 4G (White)|9,999.00
B00WGBENHW|http://www.amazon.in/Xolo-Q900s-Plus-Mobile-Phone/dp/B00WGBENHW|http://ecx.images-amazon.com/images/I/41kVSzknDZL._AA160_.jpg|Xolo Q900s Plus Mobile Phone - White|9,999.00
